-- MySQL dump 10.13  Distrib 9.3.0, for macos15.2 (arm64)
--
-- Host: localhost    Database: majmu_manan
-- ------------------------------------------------------
-- Server version	9.3.0

/*!40101 SET @OLD_CHARACTER_SET_CLIENT=@@CHARACTER_SET_CLIENT */;
/*!40101 SET @OLD_CHARACTER_SET_RESULTS=@@CHARACTER_SET_RESULTS */;
/*!40101 SET @OLD_COLLATION_CONNECTION=@@COLLATION_CONNECTION */;
/*!50503 SET NAMES utf8mb4 */;
/*!40103 SET @OLD_TIME_ZONE=@@TIME_ZONE */;
/*!40103 SET TIME_ZONE='+00:00' */;
/*!40014 SET @OLD_UNIQUE_CHECKS=@@UNIQUE_CHECKS, UNIQUE_CHECKS=0 */;
/*!40014 SET @OLD_FOREIGN_KEY_CHECKS=@@FOREIGN_KEY_CHECKS, FOREIGN_KEY_CHECKS=0 */;
/*!40101 SET @OLD_SQL_MODE=@@SQL_MODE, SQL_MODE='NO_AUTO_VALUE_ON_ZERO' */;
/*!40111 SET @OLD_SQL_NOTES=@@SQL_NOTES, SQL_NOTES=0 */;

--
-- Table structure for table `bacaan_details`
--

DROP TABLE IF EXISTS `bacaan_details`;
/*!40101 SET @saved_cs_client     = @@character_set_client */;
/*!50503 SET character_set_client = utf8mb4 */;
CREATE TABLE `bacaan_details` (
  `id_bacaan_detail` bigint unsigned NOT NULL AUTO_INCREMENT,
  `bacaan_id` int NOT NULL,
  `segmen_parent` varchar(255) COLLATE utf8mb4_unicode_ci DEFAULT NULL,
  `segmen_child` varchar(255) COLLATE utf8mb4_unicode_ci DEFAULT NULL,
  `arb` longtext COLLATE utf8mb4_unicode_ci,
  `ina` longtext COLLATE utf8mb4_unicode_ci,
  `keterangan` longtext COLLATE utf8mb4_unicode_ci,
  `is_syiir` tinyint(1) DEFAULT '0',
  `created_at` timestamp NULL DEFAULT NULL,
  `updated_at` timestamp NULL DEFAULT NULL,
  `deleted_at` timestamp NULL DEFAULT NULL,
  PRIMARY KEY (`id_bacaan_detail`)
) ENGINE=InnoDB AUTO_INCREMENT=153 DEFAULT CHARSET=utf8mb4 COLLATE=utf8mb4_unicode_ci;
/*!40101 SET character_set_client = @saved_cs_client */;

--
-- Dumping data for table `bacaan_details`
--

LOCK TABLES `bacaan_details` WRITE;
/*!40000 ALTER TABLE `bacaan_details` DISABLE KEYS */;
INSERT INTO `bacaan_details` VALUES (1,1,NULL,'0','بِسْمِ اللهِ الرًّحْمَنِ الَّحِيْمِ',NULL,NULL,0,'2025-01-08 05:07:11','2025-01-08 05:07:11',NULL),(2,1,NULL,'1','إلَى حَضْرَةِ النَّبِيِّ المُصْطَفَى ، وَحَبِيْبِ الْمُجْتَبَى، وَرَسُوْلِ المُقْتَدَى، سَيِّدِنَا وَحَبِيْبِنَا وَشَفِيعِنَاوَقُرَّةِ أََعْيُنِنَامُحَمَّدٍ صَلَّى اللهُ عَلَيْه وَسَلَّمْ وَعَلَى اَلِهِ وَأَصْحَابِهِوَازْوَاجِهِ وَذُرِّيَّاتِهِ وَاهْلِ بَيْتِهِ الْكِرَام ... الفاتحة',NULL,NULL,0,'2025-01-08 05:07:11','2025-01-08 05:07:11',NULL),(3,1,NULL,'2','ثُمَّ إِلَى أَرْوَاحِ اَبَآئِهِ وَإِخْوَانِهِ مِنَ الْأَنْبِيَاءِ وَالمُرْسَلِينَ وَالْأَوْلِيَآءِ وَالشُّهَدَاءِ وَالصَّالِحِيْنَ. وَآلِ كُلٍّ وَصَحْبِ كُلٍّ . ثُمَّ إِلَى رُوحِ أَبِيْنَا آدَمَ وَاُمِّنَا حَوَّاءَ وَمَا تَنَاسَلَ بَيْنَهُمَا إلَى يَوْمِ الْقِيَامَةِ ... الفاتحة',NULL,NULL,0,'2025-01-08 05:07:11','2025-01-08 05:07:11',NULL),(4,1,NULL,'3','ثُمَّ إلى أَرْوَاحِ سَادَاتِنَا وَمَوَالِيْنَا وَاَئِمَّتِنَا : سَيّدِنَا أََبِي بَكْرٍ الصِّدّيْقْ ،وسَيدِنا عُمَرَ بْنِ الْخَطَّاب، وَسَيّدِنَا عُثْمَانَ ابْنِ عَفَّان ،وَسَيِّدِنَا عَلِيٍّ بْنٍ اَبِي طِالِبْ، وَسِتَّةِ الْبَاقِيْنْ ، ثم إلى أزوَاحِ بَقِيَّةِ الصَّحَابَةِ وَالْقَرَابَةِ. وَالتَّابِعِينَ وَتَابِعِ التَّابِعِينَ وَتَابِعِهِمْ بِإِحْسَانٍ إِلى يَوْمِ الدِّينَ',NULL,NULL,0,'2025-01-08 05:07:11','2025-01-08 05:07:11',NULL),(5,1,NULL,'4','ثُمَّ إِلى أَرْوَاحِ اَرْبَعَةِ الْأَئِمَّةِ المُجْتَهدِينَ وَمُقَادِمِيهِمْ فِي الدِّينِ.وإلى أَرْوَاحِ العَلَمَاءِ الرَّاشِدِيْنَ وَالْقَرَاءِ المَخْلِصِينَ وَالْأَئِمَّةِالْحَدِيثِ وَالْمُفْسِرِينَ وَسَائِرِ السَّادَاتِنَا الصُّوْفِيَّةِ المُحَقِّقِينَ،ثُمَّ إلى أَرْوَاحِ كُلِّ وَليٍّ وَوَلَيَّةٍ وَمُسْلِم وَمُسْلِمَةٍ مِنْ مَشَارِقِ الْأَرْضِ إِلى مَغَارِبِهَا وَمِنْ يَميْنهَا إلى شِمَالِهَا',NULL,NULL,0,'2025-01-08 05:07:11','2025-01-08 05:07:11',NULL),(6,1,NULL,'5','ثُمَّ إِلى أَرْوَاحِ جَمِيعِ اَهْلِ سِلْسِلَةِ الْقَادِرِيَّةِ وَالنَّقْسَبَنْدِيَّةِ.وَجَمِيعِ اَهْلِ الطُّرُقِ . خُصُوصًا سُلْطَانَ الْأَوْلِيَاءِ. سَيّدِنَاالشَّيْخِ عَبْدِ القَادِرِ الجيلاني الله وَسَيّدَ الطَّائِفَةِ الصُّوْفِيَّة.الشَّيْخَ إِلَى الْقَاسِمِ جُنَيْدِ الْبَغْدَادِي. وَسَيّدَ السَّارِي السَّقَطِيوَسَيِّدَ الْمَعْرُوْفِ الكَرْخِي. وَسَيّدَ الْحَبَيْبِ الْعَجَمِ. وَسَيِّدَالحَسَنُ الْبَصْرِي. وَسَيِّدَ الْإِمَامِ جَعْفَرِ الصَّادِقِ. وَسَيِّدَ أبِي يَزِيدُ البَسْطَامِي ،وَسَيِّدَ يُوْسُفُ الْهَمْدَانِي. وَسَيِّدَ مُحَمَّدٌ بَهَاءُ الدِّينَ النَّقْسَبَنْدِي ، وَإِلَى حَضْرَةِ الْإِمَامِ الرَّبَّانِي وَأَصُوْلِهِمْ وَفَرُوْعِهِمْ وَاَهْلِ سِلْسِلَتِهِمْ وَالأَخِذِيْنَ عَنْهُمْ',NULL,NULL,0,'2025-01-08 05:07:11','2025-01-08 05:07:11',NULL),(7,1,NULL,'6','ثمَّ إِلى أَروَاحِ الفَقِيْهِ المُقَدَّمِ مُحَمَّدِ ابْنِ عَلِي بَاعَلَوِي وَالحَبيبِ عَبْدِ اللَّهِ ابْنِ عَلْوِى ابْنِ مُحَمَّدِ الْحَدَادِ بَاعَلَوِيْ وَالْإِمَامِ الْجَلِيْلْ عَبْدِ الرّحْمَنْ الدِّبَاعِي. وَآبِى عَبْدِ اللهُ مُحَمَّدِ ابْنِ سَعِيْدْ  الْبَصَيْرِي،وَالشَّيْخ إبْرَاهِيمَ التَّازِي رَحِمَهُمُ اللهُ تَعَالَى',NULL,NULL,0,'2025-01-08 05:07:11','2025-01-08 05:07:11',NULL),(8,1,NULL,'7','ثُمَّ الْفَاتِحَةُ إِلى أَرْوَاحِ مَنْ فَتَحَ هذِهِ القَرْيَةِ وَمَنْ عَمَّرَهَا بإِحْيَاءِ الشَّرِيعَةِ الإِسْلَام فِيْهَا ، وَإلى أَرْوَاحِ مُؤَسِّسِ هذا الْمُصَلَّى : كنجانا وغو الكوثر وقف العطاش الحبيب احمد بن شيخ العطاش . الْفَاتِحَةُ إِلى أَرْوَاحِ اَسَاتِيْذِنَا وَمَشَايِخِنَا خُصُوصًا. الْحَاجّ كِيَاهِي : سَعْـدُ الله آميْن نَافِعٌ ، الْحَاجَ كِيَاهِي : أَحْيَدٌ حَلِيْمِي. الْحَاجّ كِيَاهِي : أَحْمَدِيْ وَاَخِيْه . الحاج كِيَاهِي : زَمْرَجِي إِبْنَا الشَّيْرَازِى. الْحَاج  كِيَاهِي : حَسَنْ اَشْعَرِي مَعْلِي . وَأَصُوْلِهِمْ وَفَرُوْعِهِمْ وَاَهْلِ سِلْسِلَتِهِمْ اَنَّ اللهَ يَغْفِرْ لَهُمْ وَيَرْحَمْهُمْ  وَيَنْفَعَنَا بِهِمْ وَآمَدَّنَا بِمَدِدِهِمْ وَيُعِيْدُ عَلَيْنَا مِنْ بَرَكَاتِهِمْ وَأَسْرَارِهِمْ',NULL,NULL,0,'2025-01-08 05:07:11','2025-01-08 05:07:11',NULL),(9,1,NULL,'8','الْفَاتِحَةُ إِلى أَزْوَاحِ وَالِدِينَا وَوَالِدِيْكُمْ. وَمَشَايِحِْنَا وَمَشَايِحْكُمْ. وَأَمْوَاتِنَا وَاَمْوَاتِكُمْ، وَلِمَنْ اَحْسَنَ اِلَيْنَا . وَلِمَنْ لَه حَقٌّ عَلَيْنَا .وَلِمَنْ أَوْصَانَا وَاسْتَوْصَانَا. وَلِمَنْ يَتَعَلَّمُ عِنْدَنَا وَقَلَدَنَا بِدُعَاءِ الخَيْرِ',NULL,NULL,0,'2025-01-08 05:07:11','2025-01-08 05:07:11',NULL),(10,1,NULL,'9','ثُمَّ إِلى أَرْوَاحِ جَمِيْعِ اَهْلِ الْقُبُوْرِ مِنَ المُسْلِمِينَ وَالْمُسْلِمَاتِ. والمؤمِنِينَ وَالمُؤْمِنَاتِ مِنْ مَشَارِقِ الْأَرْضِ إلى مَغَارِبَهَا. بَرْهَا وَبَحْرِهَا وَمِنْ يَمِيْنهَا إلى شِمَالِهَا . وَمِنْ قَافٍ إلى قَافٍ مِنْ لَدُنْ آدم إلى يَوْمِ الْقِيَامَةِ',NULL,NULL,0,'2025-01-08 05:07:11','2025-01-08 05:07:11',NULL),(11,1,NULL,'10','الفَاتِحَةُ بِنِيَّة القَبُوْلِ. وَتَمَامِ كُلِّ سُوْلِ وَمَأْمُوْلٍ وَصَلَاحِ الشَّأْنِ. ظَاهِرًا وَبَاطِنَا فِي الدِّيْنِ وَالدُّنْيَا وَالْآخِرَةِ . دَافِعَةٌ عَنْ كُلِّ شَرٍ. جَالِبَةٌ لِكُلِّ خَيْرٍ لَنَا وَ لِوَالِدِينَا . وَلِاَوْلَادِنَا وَذُرِّيَّتِنَا. وَتَلَامِيذِنَا وَجُلَسَائِنَا . مَعَ اللَّطْفِ وَالْعَافِيَةِ . وَعَلَى  ِنيَّةٍ أَنَّ اللهَ يُنوِّرُ قُلُوبَنَا وَقَوَالِيْنَا مَعَ الْهُدَى وَالتَّقى . وَالْعَفَافِ وَالْغِنَى وَالْوَتِ عَلَى دِيْنِ الْإِسْلَام   بِلا مِحْنَةٍ وَلَا امْتِحَانٍ ، بِجَاهِ سَيِّدِ وَلَدِ عَدْنَانِ جَامِعَةً لِكُلِّ نِيَّةٍ صَالِحَةً . وَزِيَادَةٌ ومَحَبَّةً فٍيْ شَرَفِ حَبِيبِنَا سَيّدِنَا مُحَمَّدٍ صلى الله  عليه وسلم. الفاتحة',NULL,NULL,0,'2025-01-08 05:07:11','2025-01-08 05:07:11',NULL),(12,2,'1',NULL,NULL,'Tawasul',NULL,0,'2025-01-08 05:07:11','2025-01-08 05:07:11',NULL),(13,2,'1','0','بِسْمِ اللهِ الرًّحْمَنِ الَّحِيْمِ',NULL,NULL,0,'2025-01-08 05:07:11','2025-01-08 05:07:11',NULL),(14,2,'1','1','إِلَى حَضْرَةِ النَّبِيِّ الْمُصْطَفَى  سَيِّدِنَا مُحَمَّدٍ صَلَّى اللَّهُ عَلَيْهِ وَسَلَّمَ وَالِهِ وَصَحْبِهِ شَيْءٌ لِلَّهِ لَهُمُ الْفَاتِحَةُ',NULL,NULL,0,'2025-01-08 05:07:11','2025-01-08 05:07:11',NULL),(15,2,'1','2','ثُمَّ إِلَى حَضْرَةِ إِخْوَانِهِ مِنَ الْأَنْبِيَاءِ وَالْمُرْسَلِيْنَ وَالْأَوْلِيَاءِ وَالشُّهَدَاءِ وَالصَّالِحِيْنَ وَالصَّحَابَةِ وَالتَّابِعِيْنَ وَالْعُلَمَاءِ الْعَامِلِينَ وَالْمُصَنِّفِينَ الْمُخْلِصِينَ وَجَمِيعِ الْمَلَائِكَةِ الْمُقَرَّبِينَ، خُصُوْصًا إِلَى سَيِّدِنَا الشَّيْخِ عَبْدِ الْقَادِرِ الْجَيْلَانِي وَخُصُوصًا إِلَى مُؤَتِسِي جَمْعِيَّةِ نَهْضَةِ الْعُلَمَاءِ، لَهُمُ الْفَاتِحَةُ',NULL,NULL,0,'2025-01-08 05:07:11','2025-01-08 05:07:11',NULL),(16,2,'1','3','ثُمَّ إِلَى جَمِيعِ أَهْلِ الْقُبُوْرِ مِنَ الْمُسْلِمِينَ وَالْمُسْلِمَاتِ وَالْمُؤْمِنِيْنَ وَالْمُؤْمِنَاتِ مِنْ مَشَارِقِ الْأَرْضِ إِلَى مَغَارِبِهَا بَرْهَا وَبَحْرِهَا خُصُوصًا إِلَى آبَائِنَا وَأُمَّهَاتِنَا وَأَجْدَادِنَا وَجَدَّاتِنَا وَمَشَايِخِنَا وَمَشَايِحَ مَشَايِخِنَا وَلِمَنْ أَحْسَنَ إِلَيْنَا وَلِمَنِ اجْتَمَعْنَا هُهُنَا بِسَبَبِهِ شَيْءٍ لِلَّهِ لَهُمُ الْفَاتِحَةُ',NULL,NULL,0,'2025-01-08 05:07:11','2025-01-08 05:07:11',NULL),(17,2,'2',NULL,NULL,'Tahlil',NULL,0,'2025-01-08 05:07:11','2025-01-08 05:07:11',NULL),(18,2,'2','0','١. بِسْمِ اللهِ الرَّحْمنِ الرَّحِيْمِ. ٢. اَلْحَمْدُ للهِ رَبِّ الْعَالَمِيْنَ. ٣. اَلرَّحْمنِ الرَّحِيْمِ.  ٤. ماَلِكِ يَوْمِ الدِّيْنِ. ٥. إِيِّاكَ نَعْبُدُ وَإِيَّاكَ نَسْتَعِيْنُ. ٦. اِهْدِنَا الصِّرَاطَ الْمُسْتَقِيْمَ.  ٧. صِرَاطَ الَّذِيْنَ أَنْعَمْتَ عَلَيْهِمْ غَيْرِ الْمَغْضُوْبِ عَلَيْهِمْ وَلاَ الضَّآلِّيْنَ. رَبِّ اغْفِرْ لِيْ وَلِوَالِدَيَّ وَلِلْمّؤْمِنِيْنَ ....  آمِيْنِ',NULL,NULL,0,'2025-01-08 05:07:11','2025-01-08 05:07:11',NULL),(19,2,'2','1','لاَ إِلَهَ إِلاَّ اللهُ الله أكبر\n                <br>\n                <br>\n                ( بِسْم اللهِ الرَّحْمنِ الرَّحِيْمِ )\n                <br>\n                قُلْ هُوَ اللهُ أَحَـدٌ . اَللهُ الصَّمَـدُ . لَمْ يَلِـدْ وَلَمْ يٌوْلَـدْ. وَلَمْ يَكُـنْ لَهُ كُفُـوًا  أَحَـدٌ.  ×٣',NULL,NULL,0,'2025-01-08 05:07:11','2025-01-08 05:07:11',NULL),(20,2,'2','2','لاَ إِلَهَ إِلاَّ اللهُ الله أكبر\n                <br>\n                <br>\n                ( بِسْم اللهِ الرَّحْمنِ الرَّحِيْمِ )\n                <br>\n                قُلْ أَعُوْذُ بِرَبِّ الْفَلَقِ، مِنْ شَرِّ مَا خَلَقَ، وَمِنْ شَرِّ غَاسِقٍ إِذَا وَقَبَ، وَمِنْ شَرِّ النَّفَّاثَاتِ فِي الْعُقَدِ، وَمِنْ شَرّ حَاسِدٍ إِذَا حَسَد ',NULL,NULL,0,'2025-01-08 05:07:11','2025-01-08 05:07:11',NULL),(21,2,'2','3','لاَ إِلَهَ إِلاَّ اللهُ الله أكبر\n                <br>\n                <br>\n                ( بِسْم اللهِ الرَّحْمنِ الرَّحِيْمِ )\n                <br>\n                قُلْ أَعُوْذُ بِرَبِّ النَّاسِ، مَلِكِ النَّاسِ، إِلَهِ النَّاسِ، مِنْ شَرِّ الْوَسْوَاسِ الْخَنَّاسِ، اَلَّذِيْ يُوَسْوِسُ فِي صُدُوْرِ النَّاسِ، مِنَ الْجِنَّةِ وَالنَّاسِ',NULL,NULL,0,'2025-01-08 05:07:11','2025-01-08 05:07:11',NULL),(22,2,'2','4','لاَ إِلَهَ إِلاَّ اللهُ الله أكبر\n                <br>\n                <br>\n                ١. بِسْمِ اللهِ الرَّحْمنِ الرَّحِيْمِ. ٢. اَلْحَمْدُ للهِ رَبِّ الْعَالَمِيْنَ. ٣. اَلرَّحْمنِ الرَّحِيْمِ.  ٤. ماَلِكِ يَوْمِ الدِّيْنِ. ٥. إِيِّاكَ نَعْبُدُ وَإِيَّاكَ نَسْتَعِيْنُ. ٦. اِهْدِنَا الصِّرَاطَ الْمُسْتَقِيْمَ.  ٧. صِرَاطَ الَّذِيْنَ أَنْعَمْتَ عَلَيْهِمْ غَيْرِ الْمَغْضُوْبِ عَلَيْهِمْ وَلاَ الضَّآلِّيْنَ. رَبِّ اغْفِرْ لِيْ وَلِوَالِدَيَّ وَلِلْمّؤْمِنِيْنَ ....  آمِيْنِ',NULL,NULL,0,'2025-01-08 05:07:11','2025-01-08 05:07:11',NULL),(23,2,'2','5','( بِسْم اللهِ الرَّحْمنِ الرَّحِيْمِ )\n                <br>\n                الـمَّ ، ذَلِكَ الْكِتَبُ لَا رَيْبٍ فِيْهِ، هُدًى لِلْمُتَّقِينَ، الَّذِينَ يُؤْمِنُوْنَ بِالْغَيْبِ وَيُقِيمُونَ الصَّلوةَ وَمِمَّا رَزَقْتُهُمْ يُنْفِقُونَ، وَالَّذِيْنَ يُؤْمِنُوْنَ بِمَا أُنْزِلَ إِلَيْكَ وَمَا أُنْزِلَ مِنْ قَبْلِكَ وَبِالْآخِرَةِ هُمْ يُوْقِنُونَ، أُولَبِكَ عَلَى هُدًى مِّنْ رَّبِّهِمْ وَأُولَبِكَ هُمُ الْمُفْلِحُونَ',NULL,NULL,0,'2025-01-08 05:07:11','2025-01-08 05:07:11',NULL),(24,2,'2','6','وَإِلَهُكُمْ إِلهُ وَاحِدٌ لَا إِلَهَ إِلَّا هُوَ الرَّحْمَنُ الرَّحِيمُ',NULL,NULL,0,'2025-01-08 05:07:11','2025-01-08 05:07:11',NULL),(25,2,'2','7','اللَّهُ لَا إِلَٰهَ إِلَّا هُوَ الْحَيُّ الْقَيُّومُ ۚ لَا تَأْخُذُهُ سِنَةٌ وَلَا نَوْمٌ ۚلَّهُ مَا فِي السَّمَاوَاتِ وَمَا فِي الْأَرْضِ ۗ مَن ذَا الَّذِي يَشْفَعُ عِندَهُ إِلَّا بِإِذْنِهِ ۚ يَعْلَمُ مَا بَيْنَ  أَيْدِيهِمْ وَمَا خَلْفَهُمْ ۖ وَلَا يُحِيطُونَ بِشَيْءٍ مِّنْ عِلْمِهِ إِلَّا بِمَا شَاءَ ۚ وَسِعَ كُرْسِيُّهُ السَّمَاوَاتِ وَالْأَرْضَ ۖ وَلاَ  يَؤُودُهُ حِفْظُهُمَا ۚ وَهُوَ الْعَلِيُّ الْعَظِيمُ. لِله مَا فِي السَّمَوتِ وَمَا فِي الْأَرْضِ وَإِنْ تُبْدُوا مَا فِي اَنْفُسِكُمْ أَوْ تُخْفُوهُ يُحَاسِبْكُمْ بِهِ اللَّهُ فَيَغْفِرُ لِمَنْ يَشَاءُ وَيُعَذِّبُ مَنْ يَّشَاءُ وَاللَّهُ عَلَى كُلِّ شَيْءٍ قَدِيرٌ، أَمَنَ الرَّسُولُ بِمَا أُنْزِلَ إِلَيْهِ مِنْ رَّبِّهِ وَالْمُؤْمِنُونَ كُلٌّ آمَنَ بِاللهِ وَمَلَيكَتِهِ وَكُتُبِهِ وَرُسُلِهِ لَا نُفَرِّقُ بَيْنَ أَحَدٍ مِنْ رُسُلِهِ وَقَالُوا سَمِعْنَا وَأَطَعْنَا غُفْرَانَكَ رَبَّنَا وَإِلَيْكَ الْمَصِيرُ ، لَا يُكَلِّفُ اللَّهُ نَفْسًا إِلَّا وُسْعَهَا لَهَا مَا كَسَبَتْ وَعَلَيْهَا مَا اكْتَسَبَتْ رَبَّنَا لَا تُؤَاخِذْنَا إِنْ نَّسِينَا أَوْ أَخْطَأْنَا رَبَّنَا وَلَا تَحْمِلْ عَلَيْنَا إِصْرًا كَمَا حَمَلْتَهُ عَلَى الَّذِينَ مِنْ قَبْلِنَا رَبَّنَا وَلَا تُحَمِّلْنَا مَا لَا طَاقَةَ لَنَا بِهِ\n                <br>\n                وَاعْفُ عَنَّا وَاغْفِرْ لَنَا وَارْحَمْنَا ×۷\n                <br>\n                أَنْتَ مَوْلَانَا فَانْصُرْنَا عَلَى الْقَوْمِ الْكَافِرِينَ.  آمِيْنَ\n                <br>\n                ارْحَمْنَا ...   يَا أَرْحَمَ الرَّاحِمِينَ   ×٣',NULL,NULL,0,'2025-01-08 05:07:11','2025-01-08 05:07:11',NULL),(26,2,'2','8','يَا أَرْحَمَ الرَّاحِمِينَ @ يَا أَرْحَمَ الرَّاحِمِينَ\n                <br>\n                يَا أَرْحَمَ الرَّاحِمِينَ @ فَرَجْ عَلَى الْمُسْلِمِينَ\n                <br>\n                <br>\n                يَا رَبَّنَا يَا كَرِيمُ @ يَا رَبَّنَا يَا رَحِيمُ\n                <br>\n                أَنْتَ الْجَوَّادُ الْحَلِيمُ @ وَأَنْتَ نِعْمَ الْمُعِيْنُ\n                <br>\n                <br>\n                وَلَيْسَ نَرْجُو سِوَاكَ @ فَادْرِكْ إِلهِي دَرَاكَ\n                <br>\n                قَبْلَ الْفَنَا وَالْهَلَاكِ @ يَعُمُّ دُنْيَا وَدِيْنَ\n                <br>\n                <br>\n                وَمَا لَنَا رَبَّنَا @ سِوَاكَ  يَا حَسْبَنَا\n                <br>\n                يَاذَا الْعُلَى وَالْغِنَى @ وَيَا قَوِيُّ يَا مَتِيْنُ\n                <br>\n                <br>\n                نَسْأَلُكَ وَالِي يُقِيمُ @ الْعَدْلَ كَيْ نَسْتَقِيمُ\n                <br>\n                عَلى هُدَاكَ الْقَوِيمُ @ وَلَا نُطِيْعُ اللعِيْنُ\n                <br>\n                <br>\n                يَارَبَّنَا يَا مُجِيْبُ @ أَنْتَ السَّمِيعُ الْقَرِيبُ\n                <br>\n                ضَاقَ الْوَسِيعُ الرَّحِيْبُ @ فَانْظُرْ إِلَى الْمُؤْمِنِينَ\n                <br>\n                <br>\n                نَظْرَةٌ تُزِيْلُ الْعَنَا @ عَنَّا وَتُدْنِي الْمُنَا\n                <br>\n                مِنَّا وَكُلَّ الْهَنَا @ نُعْطَاهُ فِي كُلِّ حِيْنِ\n                <br>\n                <br>\n                أَسْتَلُكَ بِجَاءِ الْجُدُودِ @ وَالِي يُقِيمُ الْحُدُوْدَ\n                <br>\n                فِيْنَا فَيَكْفِي الْحَسُوْدَ @ وَيَدْفَعُ الظَّالِمِينَ\n                <br>\n                <br>\n                يُزيلُ لِلْمُنْكَرَاتِ @ يُقِيمُ لِلصَّلَوَاتِ\n                <br>\n                يَأْمُرُ بِالصَّالِحَاتِ @ مُحِبُّ لِلصَّالِحِينَ\n                <br>\n                <br>\n                يُريحُ كُلَّ الْحَرَامِ @ يَقْبَرُ كُلَّ الطَّعَامِ\n                <br>\n                يَعْدِلُ بَيْنَ الْأَنَامِ @ ويُؤَمِنُ الْخَائِفِينَ\n                <br>\n                <br>\n                رَبِّ اسْقِنَا غَيْثَ عَامٍ @ نَافِعٌ مُبَارَكٌ دَوَامَ\n                <br>\n                يَدُومُ فِي كُلِّ عَامٍ @ عَلَى مَمَرِ السِّنِينَ\n                <br>\n                <br>\n                رَبِّ احْيِنَا شَاكِرِيْنَ @ وَتَوَفَّنَا مُسْلِمِينَ\n                <br>\n                تُبْعَثُ مِنَ الْأَمِنِيْنَ @ فِي زُمْرَةِ السَّابِقِيْنَ\n                <br>\n                <br>\n                بِجاءِ طَه  الرَّسُوْلِ @ جُدْ رَبَّنَا بِالْقَبُوْلِ\n                <br>\n                وَهَبْ لَنَا كُلَّ سُوْلِ @ رَبِّ اسْتَجِبْ لِي أَمِينَ\n                <br>\n                <br>\n                عَطَاكَ رَبِّي جَزِيْلٌ @ وَكُلُّ فِعْلِكَ جَمِيلٌ\n                <br>\n                وَفِيْكَ أَمَلَنَا طَوِيْلَ @ فَجُدْ عَلَى الطَّامِعِيْنَ\n                <br>\n                <br>\n                يَا رَبِّ ضَاقَ الْخِنَاقُ @ مِنْ فِعْل مَا لَا يُطَاقُ\n                <br>\n                فَامْنُنْ بِفَكِ الْخِلَاقِ @ لِمَنْ بِذَنْبِهِ رَهِينُ\n                <br>\n                <br>\n                وَاغْفِرْ لِكُلّ الذُّنُوبِ @ وَاسْتُرْ لِكُلِّ الْعُيُوبِ\n                <br>\n                وَاكْشِفْ لِكُلِّ الْكُرُوبِ @ وَاكْفِ أَذَى الْمُؤْذِبِينَ\n                <br>\n                <br>\n                وَاخْتِمْ بِأَحْسَنُ خِتَامٍ @ إِذَا دَنَا الْإِنْصِرَامُ\n                <br>\n                وَحَانَ حِيْنُ الْحِمَامِ @ وَزَادَ رَشْحُ الْجَبِيْنِ\n                <br>\n                <br>\n                ثُمَّ الصَّلَاةُ وَالسَّلَامُ @ عَلَى شَفِيعِ الْأَنَامِ\n                <br>\n                وَالْآلِ نِعْمَ الْكِرَامُ @ وَالصَّحْبِ وَالتَّابِعِيْنَ',NULL,NULL,1,'2025-01-08 05:07:11','2025-01-08 05:07:11',NULL),(27,2,'2','9','رَحْمَةُ اللهِ وَبَرَكَاتُهُ عَلَيْكُمْ أَهْلَ الْبَيْتِ إِنَّهُ حَمِيدٌ مَّجِيدٌ. إِنَّمَا يُرِيدُ اللَّهُ لِيُذْهِبَ عَنْكُمُ الرِّجْسَ أَهْلَ الْبَيْتِ وَيُطَهِّرَكُمْ تَطْهِيرًا\n                <br>\n                إِنَّ اللَّهَ وَمَلَائِكَتَهُ يُصَلُّونَ عَلَى النَّبِيِّ، يَا أَيُّهَا الَّذِيْنَ امَنُوا صَلُّوْا عَلَيْهِ وَسَلَّمُوا تَسْلِيمًا.\n                <br>\n                . اللَّهُمَّ صَلَّ أَفْضَلَ الصَّلَاةِ عَلَى أَسْعَدِ مَخْلُوقَاتِكَ نُوْرٍ الْهُدَى سَيِّدِنَا مُحَمَّدٍ وَعَلَى آلِهِ وَصَحْبِهِ وَسَلَّمْ، عَدَدَ مَعْلُومَاتِكَ وَمِدَادَ كَلِمَاتِكَ كُلَّمَا ذَكَرَكَ الذَّاكِرُونَ وَغَفَلَ عَنْ ذِكْرِكَ الْغَافِلُوْنَ\n                <br>\n                . اللَّهُمَّ صَلَّ أَفْضَلَ الصَّلَاةِ عَلَى أَسْعَدِ مَخْلُوقَاتِكَ شَمْسِ الضُّحَى  سَيِّدِنَا مُحَمَّدٍ وَعَلَى آلِهِ وَصَحْبِهِ وَسَلَّمْ، عَدَدَ مَعْلُومَاتِكَ وَمِدَادَ كَلِمَاتِكَ كُلَّمَا ذَكَرَكَ الذَّاكِرُونَ وَغَفَلَ عَنْ ذِكْرِكَ الْغَافِلُوْنَ.\n                <br>\n                . اللَّهُمَّ صَلَّ أَفْضَلَ الصَّلَاةِ عَلَى أَسْعَدِ مَخْلُوقَاتِكَ بَدْرٍ الْدُّجَى سَيِّدِنَا مُحَمَّدٍ وَعَلَى آلِهِ وَصَحْبِهِ وَسَلَّمْ، عَدَدَ مَعْلُومَاتِكَ وَمِدَادَ كَلِمَاتِكَ كُلَّمَا ذَكَرَكَ الذَّاكِرُونَ وَغَفَلَ عَنْ ذِكْرِكَ الْغَافِلُوْنَ.\n                <br>\n                وَسَلَّمْ وَرَضِيَ اللَّهُ تَعَالَى عَنْ سَادَاتِنَا أَصْحَابِ رَسُوْلِ اللَّهِ أَجْمَعِينَ. حَسْبُنَا اللَّهُ وَنِعْمَ الْوَكِيلُ، نِعْمَ الْمَوْلَى وَنِعْمَ النَّصِيرُ وَلاحَولَ وَلَا قُوَّةَ إِلَّا بِاللَّهِ العَلِي الْعَظِيم',NULL,NULL,0,'2025-01-08 05:07:11','2025-01-08 05:07:11',NULL),(28,2,'2','10','أَسْتَغْفِرُ اللهَ الْعَظِيمَ ×۳\n                <br>\n                أَفْضَلُ الذِكْرِ فَاعْلَمْ أَنَّهُ :\n                <br>\n                لَا إِلهَ إِلَّا اللهُ      .....   حَيُّ مَوْجُوْدُ\n                <br>\n                لَا إِلهَ إِلَّا اللهُ      .....   حَيُّ مَعْبُوْدُ\n                <br>\n                لَا إِلهَ إِلَّا اللَّهُ      .....   حَيَّ بَاقٍ\n                <br>\n                مُحُمَّدٌ رَسُوْلُ اللهِ  صَلَّى  اللهُ عَلَيْهِ وَسَلَّمْ .\n                <br>\n                لَا إِلهَ إِلَّا اللهُ       ×١٠٠\n                <br>\n                لَا إِلهَ إِلَّا اللهُ  مُحُمَّدٌ رَسُوْلُ اللهِ  صَلَّى  اللهُ عَلَيْهِ وَسَلَّمْ . كَلِمَةُ حَقٍّ   ،عَلَيْهَا نَحْيَا   وَعَلَيْهَا نَمُوْتُ وَبِهَا نُبْعَثُ ، فَأِنْ شَاءَ اللهُ تَعَالِى مِنِ الْآمِنِيْنَ.\n                <br>\n                 •   لَا إِلهَ إِلَّا اللهُ     لَا إِلهَ إِلَّا اللهُ\n                <br>\n                 •   لَا إِلهَ إِلَّا اللهُ    عَلَى النَّبِيِّ صِلَاةّ اللهِ\n                <br>\n                 •   لَا إِلهَ إِلَّا اللهُ    عَلَى النَّبِيِّ سَلَامُ اللهِ\n                <br>\n                 •   لَا إِلهَ إِلَّا اللهُ    مُحُمَّدٌ رَسُوْلُ اللهِ\n                <br>\n                <br>\n                •  اللَّهُمَّ صَلِّ عَلَى سَيّدِنَا مُحُمَّدٍ\n                <br>\n                اللَّهُمَّ صَلَّ عَلَيْهِ وَسَلَّمْ  ....   × ٣\n                <br>\n                •  يَا رَبِّ صَلِّ عَلَى سَيّدِنَا مُحُمَّدٍ\n                <br>\n                يَا رَبِّ صَلَّ عَلَيْهِ وَسَلَّمْ  ... × ١\n                <br>\n                <br>\n                • سُبْحَانَ اللَّهِ عَدَدَ مَا خَلَقَ اللهُ .      × ۷\n                <br>\n                • سُبحَانَ اللهٍ  وَ بِحَمْدِهِ  سُبْحَانَ اللهِ الْعَظِيمِ .  ×٣\n                <br>\n                • صَلَّى عَلَى  مُحُمَّدٍ    صَلَّى اللهُ عَلَيْهِ وَسَلَّمْ  × ٣\n                <br>\n                <br>\n                • اللَّهُمَّ صَلَّ عَلَى حَبِيْبِكَ سَيِّدِنَا مُحَمَّدٍ وَعَلَى آلِهِ وَصَحْبِهِ وَسَلَّمْ    ...  × ۲\n                <br>\n                • اللَّهُمَّ صَلِّ عَلَى حَبِيْبِكَ سَيّدِنَا مُحَمَّدٍ وَعَلَى الِهِ وَصَحْبِهِ وَبَارِكْ وَسَلَّمْ أَجْمَعِيْنَ... ×١\n                <br>\n                <br>\n                الفاتحة',NULL,NULL,0,'2025-01-08 05:07:11','2025-01-08 05:07:11',NULL),(29,2,'3',NULL,NULL,'Do\'a Tahlil',NULL,0,'2025-01-08 05:07:11','2025-01-08 05:07:11',NULL),(30,2,'3','0',NULL,NULL,NULL,0,'2025-01-08 05:07:11','2025-01-08 05:07:11',NULL),(31,2,'3','1','أَعُوْذُ بِاللَّهِ مِنَ الشَّيْطَانِ الرَّحِيْمِ، بِسْمِ اللَّهِ الرَّحْمٰنِ الرَّحِيمِ الْحَمْدُ لِلَّهِ رَبِّ الْعَلَمِيْنَ، حَمْدُ الشَّاكِرِينَ حَمْدَ النَّاعِمِينَ، حَمْدًا يُوَافِي نِعَمَهُ وَيُكَافِيُّ مَزِيْدَهُ، يَا رَبَّنَا لَكَ الْحَمْدُ كَمَا يَنْبَغِي لِجَلَالِ وَجْهِكَ وَعَظِيمٍ سُلْطَانِكَ، اللهُمَّ صَلَّ عَلَى سَيِّدِنَا مُحَمَّدٍ وَعَلَى آلِ سَيِّدِنَا مُحِمَّدٍ.',NULL,NULL,0,'2025-01-08 05:07:11','2025-01-08 05:07:11',NULL),(32,2,'3','2','اللَّهُمَّ اجْعَلْ وَتَقَبَّلْ وَأَوْصِلْ وَبَلِّغْ ثَوَابَ مَا قَرَأْنَاهُ مِنَ الْقُرْآنِ الْعَظِيمِ  وَمَا هَلَّلْنَا  وَمَا سَبَّحْنَا وَمَا اسْتَغْفَرْنَا وَمَا صَلَّيْنَا وَسَلَّمْنَا عَلَى سَيِّدِنَا مُحَمَّدٍ صَلَّى اللَّهُ عَلَيْهِ وَسَلَّمَ، هَدِيَّةً وَاصِلَةً وَرَحْمَةً نَازِلَةً وَبَرَكَةً شَامِلَةً إِلَى حَضَرَةِ حَبِيبِنَا وَشَفِيْعِنَا وَقُرَّةِ أَعْيُنِنَا سَيِّدِنَا وَمَوْلَانَا مُحَمَّدٍ صَلَّى اللهُ عَلَيْهِ وَسَلَّمَ ، وَإِلَى جَمِيْعِ إِخْوَانِهِ مِنَ الْأَنْبِيَاءِ وَالْمُرْسَلِينَ، وَالْأَوْلِيَاءِ وَالشُّهَدَاءِ وَالصَّالِحِيْنَ ، وَالصَّحَابَةِ وَالتَّابِعِينَ، وَالْعُلَمَاءِ الْعَامِلِينَ، وَالْمُصَنِّفِينَ الْمُخْلِصِينَ  وَالْمُجَاهِدِيْنَ فِي سَبِيْلِ اللهِ رَبِّ الْعَلَمِيْنَ ، وَجَمِيْعِ الْمَلَائِكَةِ الْمُقَرَّبِيْنِ، خُصُوصًا إِلَى سَيِّدِنَا الشَّيْخِ عَبْدِ الْقَادِرِ الْجِيْلَانِيَ. رضي الله عنهم',NULL,NULL,0,'2025-01-08 05:07:11','2025-01-08 05:07:11',NULL),(33,2,'3','2','ثُمَّ إِلَى أَرْوَاحِ جَمِيعِ أَهْلِ الْقُبُوْرِ مِنَ الْمُسْلِمِينَ وَالْمُسْلِمَاتِ وَالْمُؤْمِنِيْنَ وَالْمُؤْمِنَاتِ مِنْ مَشَارِقِ الْأَرْضِ وَمَغَارِبِهَا بَرِّهَا وَبَحْرِهَا  خُصُوصًا إِلَى آبَائِنَا وَأُمَّهَاتِنَا وَأَجْدَادِنَا وَجَدَّاتِنَا ، وَنَخَصُّ خَصُوصًا إِلَى ارْوَاحِ : مَنِ اجْتَمَعْنَا هُهُنَا بِسَبَبِهِم وَلِأَجْلِهِم . اللَّهُمَّ اغْفِرْ لَهُمْ وَارْحَمْهُمْ وَعَافِهِمْ وَاعْفُ عَنْهُمْ. اَللَّهُمَّ أَنْزِلِ الرَّحْمَةَ وَالْمَغْفِرَةَ وَالشَّفَاعَةَ وَالنِّعْمَةَ عَلَى أَهْلِ الْقُبُوْرِ مِنْ أَهْلِ لَا إِلَهَ إِلَّا اللهُ  مُحَمَّدٌ رَّسُوْلُ اللهِ، ( صَلَّى اللهُ عَلَيْهِ وَسَلَّمْ) اللَّهُمَّ اجْعَلْ ثَوَابَ ذَلِكَ فِدَاءً لَهُمْ ، وَحِجَابًا لَهُم ، وَسِتْرًا لَهُمْ ، وَعِتْقًا لَهُمْ مِنَ النَّارِ . بِرَحْمَتٍكَ يَا اَرْحَمَ الرَّاحِمِيْنً',NULL,NULL,0,'2025-01-08 05:07:11','2025-01-08 05:07:11',NULL),(34,2,'3','2','رَبَّنَا أَرنَا الْحَقَّ حَقًّا وَّارْزُقْنَا اتَّبَاعَهُ، وَأَرِنَا الْبَاطِلَ بَاطِلًا وَارْزُقْنَا اجْتِنَابَهُ',NULL,NULL,0,'2025-01-08 05:07:11','2025-01-08 05:07:11',NULL),(35,2,'3','2','رَبَّنَا آتِنَا فِي الدُّنْيَا حَسَنَةً وَفِي الْآخِرَةِ حَسَنَةً ، وَقِنَا عَذَابَ النَّارِ . سُبْحَانَ رَبِّكَ رَبِّ الْعِزَّةِ عَمَّا يَصِفُونَ وَسَلَامٌ عَلَى الْمُرْسَلِينَ وَالْحَمْدُ لِلَّهِ رَبِّ الْعَلَمِيْنَ الْفَاتِحَة',NULL,NULL,0,'2025-01-08 05:07:11','2025-01-08 05:07:11',NULL),(36,3,'1',NULL,'الباب الأول','BAB 1',NULL,0,'2025-01-08 05:07:11','2025-01-08 05:07:11',NULL),(37,3,'1','0','بِسْمِ اللهِ الرَّحْمٰنِ الرَّحِيْمِ',NULL,NULL,0,'2025-01-08 05:07:11','2025-01-08 05:07:11',NULL),(38,3,'1','1','اَلْحَمْدُ لِله الَّذِي أَرْسَلَ سَيِّدَنَا مُحُمَّدًا صَلَّى اللهُ عَلَيْهِ وَسَلَّمَ بِكَامِلِ الشَّرِيعَةِ وَخَالِصِ الدِّيْنِ، وَحَلَى جِيْدَ رِسَالَتِهِ بِبَاهِرِ الْخَوَارِقِ ,وَأَيَّدَهُ بِكُمَّاةِ الْأَصْحَابِ الْمُهْتَدِيْنَ .\n                <br>\n                وَخَصَّ مَنْ شَآءَ مِنْ أَتْبَاعِ مِلَّتِهِ بِالرُّقِي إِلَى أَوْجِ الْمَعَارِفِ وَالْحَقَائِقِ، وَأَفَاضَ عَلَيْهِمْ مِنْ بُحُورِ الْمَوَاهِبِ اللَّدُنِيَّةِ ظُرَفَ اللَّطَائِفِ وَشَوَارِقَ الرَّقَائِقِ.\n                <br>\n                فَأَصْبَحَوْا هُدَاةَ الْأُمَّةِ، وَقَادَتَهَا إِلَى الْعَرِيْزِ الْعَلِيمِ،\n                <br>\n                سَالِكِينَ بِعِبَادِ اللهِ تَعَالَى مِنْ سُبُلِ الْإِرْشَادِ أَعْلَى الصِّرَاطِ الْمُسْتَقِيمِ .\n                <br>\n                وَآلَ اللهُ عَلَيْهِ وَعَلَيْهِمْ زَاكِيَ الصَّلَوَاتِ وَالتَّسْلِيمَ، وَوَفَّقَنَا لِلْإِهْتِدَاءِ بِهْدَاهُمْ ، وَالْإِقْتِدَاءِ بِأَثَارِهِمْ ،\n                وَالْإِقْتِبَاسِ مِنْ مِشْكَاةِ أَنْوَارِهِمْ فِي حِنْدِسِ\n                الْجَهْلِ  الْبَهِيمِ . مَا عَطَّرَتْ مَنَاقِبُهُمْ مَعَاطِسَ الْأَسْمَاعِ الْوَاعِيَةِ، وَتُلِيَتْ آيُ فَضَائِلِهِمْ فَكَانَتْ إِلَى النُّهُوْضِ إِلَى اللهِ دَاعِيَةً.        أَمَّا بَعْدُ :\n                فَيَقُولُ الْمُفْتَقِرُ إِلَى فَضْلِ الْكَرِيمِ الْمُنْجِي، جَعْفَرُ ابْنُ حَسَنِ ابْنِ عَبْدِ الْكَرِيمِ الْبَرْزَنْجِيَ : هَذِهِ نُبْذَةٌ مِنْ أَحْوَالِ الْقُطْبِ الرَّبَّانِيِّ ، وَالْغَوْثِ الصَّمَدَانِي ، سُلْطَانِ الأَوْلِيَاءِ الْعَآرِفِينَ ،وَإِمَامِ الْعُلَمَآءِ السَّالِكِيْنَ،\n                النَّاهِلِينَ مِنْ بَحْرِ الْحَقِيقَةِ وَالْغَارِفِينَ، اَلسَّيِّدِ الشَّرِيفِ، وَالسَّنَدِ الْغِطْرِيفِ ، الْحَسِيْبِ النَّسِيْبِ ، ذِي الْمَقَامِ الأََعْلَى وَالنَّادِي الرَّحِيْبِ ، سَيِّدِي الشَّيْخِ عَبْدِ الْقَادِرِ الْجِيْلَانِي  رَضِيَ اللَّهُ عَنْهُ .....  ( الفاتحة)\n                بَلَّغَهُ اللهُ تَعَالَى بِنَفْسِهِ الْقَوِيِّ وَالْحَفِيِّ جَنَّةَ الْقُرْبِ وَالأَمَانِ ،\n                وَعِقْدٌ نَظَمْتُهُ مِنْ فَرَآئِدِ عَمَلِهِ  وَقَوْلِهِ ،  لِتَتَشَنَّفَ\n                <br>\n                بِدُرَرِهِ أَسْمَاعُ الْحَاضِرِينَ عِنْدَ عَمَلِ مُهِمِّهِ وَحَوْلِهِ .\n                <br>\n                اٍنْتَخَبْتُهُ مِنْ كَلَامِ بَعْضِ أَرْبَابِ الطَّرِيقَةِ، وَمَنْ لَهُ فِي حَضْرَةِ الشَّيْخِ  عَقِيْدَةٌ مُحْكَمَةٌ وَمَحَبَّةٌ وَثِيْقَةٌ كَالشَّيْخِ عَبْدِ الْوَهَّابِ الشَّعْرَانِيَ الَّذِي لَاحَ لَهُ الْفَلَاحُ ،\n                 وَالسَرَاجِ الدِّمَشْقِيَ صَاحِبُ كِتَابِ نِتَاجِ الأَرْوَاحِ ، رَغْبَةً فِي نَشْرِ أَحْوَالِ الْكُمَّلِ وَبَثِّ مَنَاقِبِ الْأَخْيَارِ، وَاسْتِنْزَالاً  لِصَيِّبِ رَحَمَاتِ وَالْبَرَكَاتِ الْغِزَارِ .\n                <br>\n                إِذ بِذِكْرِهِمْ تُفْتَحُ أَبْوَابُ السَّمَوَاتِ الْعَلِيَّةِ ، وَتَنْهَلُّ مِنْ حَظِيرَةِ الْقُدْسِ سُحُبُ الْفُيُوْضَاتِ الْإِلَىهِيَّةِ ، وَفَصَّلْتُهُ بِوَسَآئِطَ مِنْ لَأًلِ التَّرَاضِي عَنْهُ، وَطَلَبِ الإِمْدَادِ بِأَسْرَارِهِ ، فَلْيَجْهَرْ بِذِكْرِهِ الْحَاضِرُوْنَ عِنْدَ بُلُوْغِ الْقَارِئِ  اِلَيْهَا فِي أَخْبَارِهِ،  وَسَمَّيْتُهُ بِاللُّجَيْنِ الدَّانِي فِي ذِكْرِ نُبْذَةٍ مِنْ مَنَاقِبِ الْقُطْبِ الرَّبَّانِي سَيِّدِنَا الشَّيْخِ  عَبْدِ الْقَادِرِالْجِيْلَانِيَ رَضِيَ اللَّهُ عَنْهُ .....  ( الفاتحة) ، فَاَقُولُ : هُوَ الشَّيْخُ الْكَامِلُ، وَالْجِهْبِذُ الْوَاصِلُ، ذُو الْمَقَامَاتِ الْعَالِيَةِ الشَّرِيفَةِ ، وَالْأَقْدَامِ\n                الرَّاسِخَةِ، وَالتَّمَكُّنِ التَّآمِّ، وَالأَحْوَالِ الْمُنِيْفَةِ ،\n                <br>\n                وَالْكَمَالَاتِ الشَّامِخَةِ ، الْقُطْبُ الرَّبَّانِي، وَالنُّوْرُ السَّاطِعُ الْبُرْهَانِي، وَالْهَيْكَلُ الصَّمَدَانِي، وَالْغَوْثُ النُّوْرَانِيّ، وَهُوَ أَبُو مُحَمَّدْ  عَبْدِ الْقَادِرِالْجِيْلَانِيَ رَضِيَ اللَّهُ عَنْهُ .....  ( الفاتحة) ، اِبْنُ أَبِي صَالِحِ مُوْسَى جَنْكِي دَوْسَتِ، وَقِيلَ: جَنْكًا دَوْسَتِ، ابْنِ عَبْدِ اللهِ،\n                اٍبْنِ يَحْيَى الزَّاهِدِ ، اِبْنِ مُحَمَّدِ ، اِبْنِ دَاوُودَ ، اٍبْنِ مُوسَى الثَّانِي ، ابْنِ عَبْدِ اللهِ الثَّانِي ، اِبْنِ مُوْسَى الْجُوْنِ ، اِبْنِ عَبْدِ اللهِ الْمَحْضِ،اِبْنِ الْحَسَنِ الْمُثَنَّى،\n                اِبْنِ الْحَسَنِ السِّبْطِ ، اِبْنِ عَلِيٍّ بْنِ أَبِي طَالِبٍ ،\n                وَابْنِ فَاطِمَةَ الزَّهْرَاءِ الْبَتُوْلِ، بِنْتِ سَيّدِنَا مُحَمَّدٍ\n                صَلَّى اللَّهُ عَلَيْهِ وَسَلَّمَ الرَّسُوْلِ',NULL,NULL,0,'2025-01-08 05:07:11','2025-01-08 05:07:11',NULL),(39,3,'1','2','نَسَبٌ كَأَنَّ عَلَيْهِ مِنْ شَمْسِ الضُّحَى @\n                نُورًا وَمِنْ فَلَقِ الصَّبَاحِ عَمُوْدًا\n                <br>\n                نَسَبٌ لَّهُ فِي وَجْهِ آدَمَ  لُمْعَةٌ   @\n                مُنِحَتْ مَلَآ ئِكَةُ السَّمَاءِ سُجُودًا\n                <br>\n                نَسَبُ كِتَابُ اللهِ أَوْفَى حُجَّةً   @\n                فِي مَدْحِهِ مَنْ ذَا يَرُوْمُ جُودًا\n                <br>\n                يَارَبَّنَا ارْضَ عَنْهُ وَارْحَمْنَا بِهِ  @\n                وِاحْلُلْ مِنَ الَأَمْرِ الْعَسِيْرِ عُقُوْدَا',NULL,NULL,1,'2025-01-08 05:07:11','2025-01-08 05:07:11',NULL),(40,3,'1','3','بسم اللهِ الرَّحْمٰنِ الرَّحِيمِ\n                <br>\n                يَارَبَّنَا   بِالْهَيْكَلِ    النُّوْرَانِ  @\n                     الْبَازِ عَبْدِ الْقَادِرِ الْجِيْلَانِيّ\n                <br>\n                اُسْلُكْ بِنَا نَهْجَ الْهِدَايَةِ وَاحْمِنَا @\n                     مِنْ شَرِكُلِّ مُعَانِدٍ اَوْجَانِي\n                <br>\n                بِاَبِيهِ عَبْدِ اللهِ فَرِّجْ كَرْبَنَا @\n                     وَاقْضِ حَوَائِجَْ عَبْدِكَ الْوِلْهَانِ\n                <br>\n                وَبِجَنْكِ دُسْتٍ يَا اِلَهِيْ أَغْنِنِي @\n                     وَاجْعَلْنِي فِي بَحْرِ الْمَحَبَّةِ فَانِي\n                <br>\n                بِالْقُطْبِ عَبْدِ اللهِ دَاوِ عِلَّتِي @\n                     وَبِيَحْيَ أَحْيِ الْقَلْبَ بِالْعِرْفَانِ\n                <br>\n                وَبِمُحَمَّدْ وَآبِيْهِ دَاوُدَ اكْسُنِي @\n                     ثَوْبَ الْبَهَا وَالْوُدِّ فِي الْأَزْمَانِ\n                <br>\n                بِاَبِيْهِ عَبْدِ اللهِ أَصْلِحْ شَأْنَنَا @\n                     وَلِدِيْنِنَا فَاحْفَظْ مِنَ النُّقْصَانِ\n                <br>\n                وَالْطُفْ بِنَا فِي كُلِّ مَا قَدَّرْتَهُ @\n                     بِالْجُوْنِ مُوسَى جُدْ بِخَيْرِ جِنانِ\n                <br>\n                وَالْمَحْضِ عَبْدِ اللهِ لِلْاِحْسَانِ مَحْ @\n                   .. ضًا رَقِّنِيْ ثُمَّ اكْسُنِي بِمَعَانِي\n                <br>\n                بِالْأَنْوَرِ الْحَسَنِ الْمُثَنَّى نَوِّرَنْ @\n                     عَقْلِيْ وَلَا تَتْرُكْنِ  لِلْأَكْوَانِ\n                <br>\n                وَاَبِيْهِ أَوَّلِ كُلِّ قُطْبٍ بَاهِرٍ @\n                     سِبْطِ النَّبِيِّ الْمُصْطَفَى الْعَدْنَانِيّ\n                <br>\n                حَسَنِ الزَّكيِّ ابْنِ الْإِمَامِ الْمُرْتَضَى @\n                     حَامِي الْوَغَى غَيْثِ النَّدَى الْهَتَّانِ\n                <br>\n                يَسِّرْ لَنَا كُلَّ الْأُمُوْرِ وَعَافِنَا @\n                     مِنْ كُلِّ هَمٍّ أَوْ بَلَا أَوْعَانِي\n                ',NULL,NULL,1,'2025-01-08 05:07:11','2025-01-08 05:07:11',NULL),(41,3,'1','4','اللَّهُمَّ انْشُرْ نَفَحَاتِ الرَّضْوَانِ عَلَيْهِ\n                <br>\n                وَأَمِدَّنَا بِالأَسْرَارِ الَّتِي أَوْدَعْتَهَا لَدَيْهِ\n                ',NULL,NULL,1,'2025-01-08 05:07:11','2025-01-08 05:07:11',NULL),(42,3,'2',NULL,'الباب الثاني','BAB 2',NULL,0,'2025-01-08 05:07:11','2025-01-08 05:07:11',NULL),(43,3,'2','0',NULL,NULL,NULL,0,'2025-01-08 05:07:11','2025-01-08 05:07:11',NULL),(44,3,'2','1','وُلِدَ رَضِيَ اللهُ عَنْهُ بِجِيْلَانَ ، وَهِيَ بِلَادٌ مُتَفَرِّقَةٌ مِنْ وَرَاءِ طَبَرِسْتَانَ، فِي سَنَةِ إِحْدَى وَسَبْعِيْنَ وَأَرْبَعِ مِائَةٍ\n                ( ٤٧١ )\n                <br>\n                وَكَانَ فِي طُفُولِيَّتِهِ يَمتَنِعُ مِنَ الرَّضَاعَةِ فِي نَهَارِ رَمَضَانَ عِنَايَةً مِنَ اللهِ تَعَالَى بِهِ. وَلَمَّا تَرَعْرَعَ وَسَارَ إِلَى طَلَبِ الْعُلُوْمِ ، وَقَصَدَ كُلَّ مِفْضَالٍ عَلِيْمٍ . وَمَدَّ يَدَهُ إِلَى الْفَضَائِلِ ، فَكَانَ أَسْرَعَ مِنْ خَطْوِ الظَّلِيمِ ، وَتَفَقَّهَ بِأَبِي الْوَفَا عَلِيٍّ ابْنِ عَقِيلٍ ، وَأَبِي الْخَطَّابِ الْكَلْوَذَانِيّ مَحْفُوظِ بْنِ أَحْمَدَ الْجَلِيْلِ، وَأَبِي الْحُسَيْنِ مُحمَّدِ بْنِ الْقَاضِي أَبِي يَعْلَى وَغَيْرِهِمْ، مِمَّنْ تُنَصُّ لَدَيْهِ عَرَآئِسُ الْعُلُوْمِ وَتُجَلَّى . وَقَرَاءَ الأَدَابَ عَلَى اَبِي زَكَرِيَّا يَحْيَى ابْنِ عَلِيِّ التِّبْرِيزي، وَاقْتَبَسَ مِنْهُ أَيَّ اقْتِبَاسٍ. وَأَخَذَ عِلْمَ الطَّرِيقَةِ عَنِ الْعَارِفِ بِاللهِ الشَّيْخِ أَبِي الْخَيْرِ حَمَّادِ بْنِ مُسْلِمِ الدَّبَّاسِ، وَلَبِسَ مِنْ يَدِ الْقَاضِي أَبِي سَعِيدٍ الْمُبَارَكِ اَلْخِرْقَةَ الشَّرِيفَةَ الصُّوْفِيَّةَ ، وَتَأَدَّبَ بِأَدَابِهِ الْوَفِيَّةِ، وَلَمْ يَزَلْ مَلْحُوظًا بِالْعِنَايَةِ الرَّبَّانِيَّةِ، عَارِجاً فِي مَعَارِجِ الْكَمَالَاتِ بِهمَّتِهِ الأَبِيَّةِ، آخِذًا نَفْسَهُ بِالْجِدِّ مُشَمِّرًا عَنْ سَاعِدِ الْإِجْتِهَادِ ، نَابِذًا  لِمَأْلُوْفِ الْإِسْعَافِ وَالْإِسْعَادِ ، حَتَّى أَنَّهُ مَكَثَ خَمْسًا وَعِشْرِينَ سَنَةً سَائِرًا فِي صَحْرَاءِ الْعِرَاقِ وَخَرَابَاتِهِ ، لَا يَعْرِفُ النَّاسَ وَلَا يَعْرِفُونَهُ ، فَيَعْذِلُوْنَهُ عَنْ أَمْرِهِ وَيَصْرِفُونَهُ، وَقَاسَى فِي بِدَايَةِ أَمْرِهِ الْأَخْطَارَ ، فَمَا تَرَكَ هَوْلًا إِلَّا رَكِبَهُ وَقَفَّرَ مِنْهُ الْقِفَارَ  . وَكَانَ لِبَاسُهُ جُبَّةَ صُوْفِ  وَعَلَى رَأْسِهِ خُرَيْقَةً يَمْشِي حَافِيًا فِي الشَّوْكِ وَالْوَعْرِ ، لِعَدَمِ وِجْدَانِهِ نَعْلًا يَمْشِي فِيهَا، وَيَقْتَاتُ ثَمَرَ الْأَشْجَارِ  وَقُمَامَةَ الْبَقْلِ التَّرْمَى ، وَوَرَقَ الْحَشِيشِ مِنْ شَاطِئ النَّهْرِ ، وَلَا يَنَامُ غَالِبًا ، وَلَا يَشْرَبُ الْمَاءَ ، وَبَقِيَ مُدَّةَ لَمْ يَأْكُلْ فِيْهَا طَعَامًا ، فَلَقِيَهُ إِنْسَانُ فَأَعْطَاهُ صُرَّةَ دَرَاهِمَ إِكَرَامًا ،  فَأَخَذَ بِبَعْضِهَا خُبْزًا سَمِيدًا وَخَبِيْصًا، وَجَلَسَ لِيَأْكُلَ ، وَإِذْ بِرُقْعَةٍ مَكْتُوبِ فِيْهَا :  إِنَّمَا جُعِلَتِ الشَّهَوَاتُ لِضُعَفَاءِ عِبَادِي لِيَسْتَعِيْنُوا بِهَا عَلَى الطَّاعَاتِ ، وَأَمَّا الْأَقْوِيَاءُ فَمَا لَهُمُ الشَّهَوَاتُ ، فَتَرَكَ الْأَكْلَ وَأَخَذَ الْمُنْدِيْلَ، وَتَرَكَ مَا كَانَ فِيْهِ ، وَتَوَجَّهَ فِي الْقِبْلَةِ وَصَلَّى رَكْعَتَيْنِ وَانْصَرَفَ.  وَفَهِمَ أَنَّهُ مَحْفُوظٌ وَمُعْتَنَّا بِهِ وَعَرَفَ',NULL,NULL,0,'2025-01-08 05:07:11','2025-01-08 05:07:11',NULL),(45,3,'7',NULL,NULL,'ALlohul Kafi',NULL,0,'2025-01-08 05:07:11','2025-01-08 05:07:11',NULL),(46,3,'7','1','اَللهُ الْكَافِى رَبُنَا الْكَافِى\n                <br>\n                قَصَدْنَا الْكَافِى وَجَدْنَا الْكَافِى\n                <br>\n                لِكُلِ كَافٍ كَفَانَا الْكَافِى\n                <br>\n\n                وَنِعْمَ الْكَافِى اَلحَمْدُ لِلهِ\n                ','',NULL,0,'2025-01-08 05:07:11','2025-01-08 05:07:11',NULL),(47,3,'8',NULL,NULL,'Ibadalloh',NULL,0,'2025-01-08 05:07:11','2025-01-08 05:07:11',NULL),(48,3,'8','1','عِبَادَ  اللهْ رِجَالَ اللهْ   •   أَغِيْثُوْنَا لأَجْلِ اللهْ\n<br>\n                وَكُوْنُوْا عَوْنَنَا لِلهِ    •  عَسَى نَحْظَى بِفَضْلِ اللهِ\n                <br>\n                عَلَى الْكَافِي صَلَاةُ اللهْ  •  عَلَى الشَّافِي سَلَامُ اللهْ\n                <br>\n                بِمُحْيِ الدِّينِ خَلِّصْنَا    •  مِنَ الْبَلْوَاءِ  يَا اللهْ\n                <br>\n                وَيَا أَقْطَابْ وَيَا أَنْجَابْ   • وَيَا سَادَاتْ وَيَا اَحْبَابْ\n                <br>\n                وَأَنْتُمْ يَا أُولِي الْأَلْبَابِ  •  تَعَالَوْا  وَانْصُرُوْا  ِلِلهِ\n                <br>\n                سَأَلْنَاكُمْ سَأَلْنَاكُمْ       •  وَلِلرُّلْفَى  رَجَوْنَا كُمْ\n                <br>\n                وَفِي أَمْرٍ قَصَدْنَاكُمْ     •   فَشُدُّوا عَزْمَكُمْ  ِلِله\n                <br>\n                فَيَا رَبِّي  بِسَادَاتِي      •    تَحَقَّقُ لِي إِشَارَتِي\n                <br>\n                عَسَى تَأْتِي بِشَارَتِي    •   وَيَصْفُو  وَقْتُنَا  ِلِله\n                <br>\n                بِكَشْفِ الحُجْبِ عَنْ عَيْنِى  •  وَرَفْعِ الْبَيْنِ مِنْ بَيْنِي\n                <br>\n                وَطَمْسِ الْكَيْفِ وَالْأَيْنِ  •  بِنُورِ الْوَجْهِ يَا اَلِله\n                <br>\n                صَلَاةُ اللهِ مَوْلَانَا       •   عَلَى مَنْ بِالْهُدَى جَانَا\n                <br>\n                وَمَنْ بِالْحَقِّ أَوْلَانَا      •  شَفِيْعِ الْخَلْقِ عِنْدَ اللهْ\n                ',NULL,NULL,1,'2025-01-08 05:07:11','2025-01-08 05:07:11',NULL),(49,4,'1',NULL,NULL,'Tawasul',NULL,0,'2025-01-08 05:07:11','2025-01-08 05:07:11',NULL),(50,4,'1','1',NULL,NULL,NULL,1,'2025-01-08 05:07:11','2025-01-08 05:07:11',NULL),(51,4,'1','3','لرضاء الله تعالى  وبشفاعة  رسول الله محمد صلى الله عليه وسلم ، وبكرامات جميع الاولياء الله فى العرب والعجم . الفاتحة',NULL,NULL,0,'2025-01-08 05:07:11','2025-01-08 05:07:11',NULL),(52,4,'1','4','ثُمّ الى ارواحِ صاحِبِ هذه  المنظومة ومُعجزيها خُصُوصا : . الشيخ يوسف لن اسماعيل النبهاني . الشيخ محفوظ الترمشي المكّي . الشيخ دمياطي الترمشي . الشيخ معصوم اللاسمي . الشيخ علي بن معصوم الكرابياكي. واصولهم  وفروعهم  ومن انتسب اليهم. انّ الله يغفر لهم ويرحمهم  ويسكنهم الجنة ويختم لنا ولكم          بالحسنى  في خير ولطفٍ وعافيةٍ.           شَيْئٌ لِلّٰهِ لَهُمُ\n                <br>الْفَاتِحَةْ',NULL,NULL,0,'2025-01-08 05:07:11','2025-01-08 05:07:11',NULL),(53,4,'2',NULL,NULL,'Asmaulhusna',NULL,0,'2025-01-08 05:07:11','2025-01-08 05:07:11',NULL),(54,4,'2','1','بِـسْمِ اْلإِلَـهِ  وَ بِهِ بَـدَأْنَا  *\n                <br>وَلَوْ عَبَدْنَا غَيْرَهُ   لَـشَقِـيْنَا\n                <br>يَا حَبَّذَا رَبًّا وَحُبَّ دِيْنًا  *\n                <br>وَحَبـَّـذَا مَحَـمَّدٌ هَـادِيْـنَـا\n                <br>لَـوْلَاهُ مَـا كُـنَّا وَ لَا بَـقِـيْنَـا',NULL,NULL,1,'2025-01-08 05:07:11','2025-01-08 05:07:11',NULL),(55,4,'2','2','اَللهُ لَوْ لَا أَنْـتَ مَا اهْتَـدَيْنَـا   *\n                <br>وَ لَا  تَصَدَّقْنَـا وَلَا صَلَّـيْنَا\n                <br>فَأَنْـزِلَنْ   سَكِــيْنَـةً   عَلَـيْنَا    *\n                <br>وَ ثَـبِّتِ الْأَقْدَامَ إِنْ لَاقَـيْـنَا\n                <br>نَـحْنُ الْأُوْلَى جَاءُوْكَ مُسْلِمِيْنا',NULL,NULL,1,'2025-01-08 05:07:11','2025-01-08 05:07:11',NULL),(56,4,'2','3','وَالْمُشْرِكُـوْنَ قَدْ بَغَوْا عَلَيْنَا    *\n                <br>إِذَا   أَرَادُوْا   فِتْـنَـةً  أَبَـيْـنَـا\n                <br>وَقَدْ تَدَاعَى جَـمْعُهُـمْ عَلَيْنَـا   *\n                <br>طِبْـقَ الْأَحَادِيْـثِ الَّتِي رَوَيْنَـا\n                <br>فَارْدُدْهُـمُ  اللَّهُـمَّ خَاسِرِيْنَا',NULL,NULL,1,'2025-01-08 05:07:11','2025-01-08 05:07:11',NULL),(57,4,'2','4','اَللَّهُ  يَا رَحْـمَنُ  يَا رَحِـيْمُ     *\n                <br>اَللَّهُ   يَا حَيُّ    وَ يَا  قَـيُّـوْمُ\n                <br>اَللَّهُ   يَا قَـوِيُّ  يَا قَـدِيْــمُ     *\n                <br>اَللَّهُ   يَا  عَلِـيُّ  يَا عَـظِـيْـمُ\n                <br>لَا يَنْـبَغِيْ لِلْـقَـوْمِ  أَنْ يَعْـلُوْنَا',NULL,NULL,1,'2025-01-08 05:07:11','2025-01-08 05:07:11',NULL),(58,4,'2','5','اَللهُ  يَا  لَـطِـيْـفُ يَا عَلِـيْمُ      *\n                <br>اَللهٌ  يَا   رَءُوْفُ  يَا حَكِـيْمُ\n                <br>اَللهُ   يَا تَـوَّابُ    يَا حَـلِـيْمُ    *\n                <br>اَللهُ   يَا وَهَّابُ  يَا كَـرِيْـمُ\n                <br>هَبْنَا الْعُـلَا وَاجْعَلْ عِدَانَا الدُّوْنَا',NULL,NULL,1,'2025-01-08 05:07:11','2025-01-08 05:07:11',NULL),(59,4,'2','6','اللهُ  يَا مَلِكُ  يَا مُنِيرُ   *\n                <br>اللّهُ  يَا مَالِيكُ  يَا قَدِيرُ\n                <br>اللهُ يَا مَوْلَى وَ يَا نَصِيرُ *\n                <br>اللهُ أَنْتَ الْمَلِكُ الْكَبِيرُ\n                <br>لَيْسَ عِدَانَا لَكَ مُعْجِزِيْنَا',NULL,NULL,1,'2025-01-08 05:07:11','2025-01-08 05:07:11',NULL),(60,4,'2','7','اللهُ   يَا  شَاكِـرُ  يَاشَـكُوْرُ    *\n                <br>اَللهُ  يَا عَفُـوُّ   يَا غَفُـوْرُ\n                <br>اَللهُ  يَا  عَالِـمُ    يَا خَـبْـيْرُ   *\n                <br>اَللهُ   يَا فَـتَّاحُ  يَا بَـصِـيْرُ\n                <br>لَا تَحْـرِمَنَّ  فَـتْـحَـكَ الْمُبِـيْـنَا',NULL,NULL,1,'2025-01-08 05:07:11','2025-01-08 05:07:11',NULL),(61,4,'2','8','اَللَّهُ    يَا ظَاهِرُ   يَا جَلِيْـلُ     *\n                <br>اَللهُ    يَا  بَاطِنُ  يَا وَكِـيْـلُ\n                <br>اَللهُ    يَا  صَادِقُ  يَا جَـمِيْلُ   *\n                <br>اَللهُ   يَا  حَافِـظُ يَا كَـفِـيْلُ\n                <br>كُـنْ حَافِـظًا لَنَـا وَكُـنْ مُعِـيْنَـا',NULL,NULL,1,'2025-01-08 05:07:11','2025-01-08 05:07:11',NULL),(62,4,'2','9','اَللهُ  يَـا   غَـنِيُّ   يَـا حَـمِـيْدُ   *\n                <br>اَللهُ يَـا   مُغْـنِى  وَ يَا رَشِيْـدُ\n                <br>اَللهُ يَـا   مُبْـدِئُ   يَـا مُـعِـيْدُ     *\n                <br>اَللهٌ  يَـا  عَزِيْــزُ   يَـا مَـجِـيْـدُ\n                <br>لِـعِـزِّكَ  التَّـوْحِيْدُ   يَشْكُـو الْـهُوْنَـا',NULL,NULL,1,'2025-01-08 05:07:11','2025-01-08 05:07:11',NULL),(63,4,'2','10','اَللهُ   يَـا قَادِرُ    يَـا  مُـقْـتَدِرُ   *\n                <br>اَللهُ    يَـا قَاهِرُ   يَـا مُـؤَخِّـرُ\n                <br>اَللهُ  يَـا  فَاطِـرُ   يَا مُصَـوِّرُ      *\n                <br>اَللهُ   يَا مُحْـصِي  وَ يَا مُدَبِّـرُ\n                <br>دَبِّـرْ لَـنَا   وَ دَمِّـرِ  الْـعَـادِيْنَـا',NULL,NULL,1,'2025-01-08 05:07:11','2025-01-08 05:07:11',NULL),(64,4,'2','11','اَللهُ   يَـا دَائِـمُ   لَا يَـمُــوْتُ     *\n                <br>اَللهُ  يَا قَائِـمُ   لَا   يَـفُـوْتُ\n                <br>اَللهُ   يَا  مُحْيِيْ  وَ يَا مُمِيْتُ   *\n                <br>اَللهُ   يَا مُغِـيْثُ يَا مُقِـيْـتُ\n                <br>كُنْ غَوْثَـنَا  وَ حِصْنَـنَا  الْحَصِيْنَـا',NULL,NULL,1,'2025-01-08 05:07:11','2025-01-08 05:07:11',NULL),(65,4,'2','12','اَللهُ  يَا  بَاسِطُ أَنْـتَ الْـوَاسِعُ    *\n                <br>اَللهُ  يَا قَابِضُ  أَنْـتَ  الْمَانِـعُ\n                <br>اَللهُ  يَا خَالِـقُ  أَنْتَ  الْـجَـامِـعُ  *\n                <br>اَللهُ   يَا خَافِضُ  أَنْتَ الرَّافِـُع\n                <br>اِرْفَـعْ  مَعَالِيْنَـا  لِـعِـلِّـيِّـيْـنَـا',NULL,NULL,1,'2025-01-08 05:07:11','2025-01-08 05:07:11',NULL),(66,4,'2','13','اَللهُ   ذُو اْلمَعَـارِجِ   الرَّفِـيْـعُ     *\n                <br>اَللهُ   يَا وَافِي  وَ يَا سَرِيْـعُ\n                <br>اَللهُ   يَا  كَافِـى  وَ يَا سَـمِـيْـعُ   *\n                <br>يَا نُوْرُ  يَا هَادِي  وَ يَا بَدِيْـعُ\n                <br>أَدَّبْـتَنَـا بِمَا جَـرَى يَكْـفِـيْنَـا',NULL,NULL,1,'2025-01-08 05:07:11','2025-01-08 05:07:11',NULL),(67,4,'2','14','اَللهُ  ذُو الْجَـلَالِ  وَ الْإِكْـرَامِ   *\n                <br>اَللهُ  ذُو الطَّوْلِ عَلَى الـدَّوَامِ\n                <br>اَللهُ  يَا  ذَا  الْـفَضْلِ  وَ الْإِنْـعَامِ  *\n                <br>وَالسَّيِّدُ   الْمُطْلَقُ   لِـلْأَ نَامِ\n                <br>اِرْحَمْ  عَبِـيْدًا   لَكَ  عَابِدِيْنَـا',NULL,NULL,1,'2025-01-08 05:07:11','2025-01-08 05:07:11',NULL),(68,4,'2','15','اَللهُ   يَا   أَ وَّ لُ  أَنْـتَ الْـوَاحِدُ  *\n                <br>اَللهُ   يَا آخِـرُ  أَنْتَ الـرَّاشِـدُ\n                <br>يَا وِتْـرُ    يَا مُتَكَبِّرُ    يَا وَاجِدُ   *\n                <br>يَا بَرُّ   يَا مُتَـفَـضِّلُ  يَا مَاجِـدُ\n                <br>بِـفَـضْلِكَ اقْـبَلْنَـا عَلَى مَا فِـيْـنَـا',NULL,NULL,1,'2025-01-08 05:07:11','2025-01-08 05:07:11',NULL),(69,4,'2','16','اَللهُ   يَا مُبِـيْنُ   يَـا وَدُوْدُ    *\n                <br>اَللهُ  يَا  مُحْيْـطُ  يَـا شَهِـيْـدُ\n                <br>اَللهُ   يَا  مَتِـيْـنُ  يَا شَدِيْدُ   *\n                <br>يَا مَنْ هُوَ الْفَعَّـالُ مَا يُرِيْـدُ\n                <br>إِنَّا ضِعَـافٌ لَكَ  قَـدْ  لَـجَـأْنَا',NULL,NULL,1,'2025-01-08 05:07:11','2025-01-08 05:07:11',NULL),(70,4,'2','17','اَللهُ   يَا مُـعِـزُّ   يَا مُـقَـدِّمُ   *\n                <br>اَللهُ   يَا مُـذِلُّ   يَا مُنْـتَـقِـمُ\n                <br>اَلْبَادِئُ  الْبَاقِي فَلَا  يَنْعَدِمُ *\n                <br>اَلْمُحْسِنُ  الْوَالِى الْحَفِيْظُ  الْأَكْرَمُ\n                <br>لَيْسَ لَنَـا سِوَاكَ مَنْ  يَـحْمِيْـنَـا',NULL,NULL,1,'2025-01-08 05:07:11','2025-01-08 05:07:11',NULL),(71,4,'2','18','اَللهُ   يَا وَارِثُ   أَنْتَ  الْأَبَـدُ     *\n                <br>اَللهُ  يَا بَاعِـثُ  أَنْـتَ الْأَحَـدُ\n                <br>يَا مَالِكَ  الْمُلْكِ  الْإِلَـهُ الصَّمَدُ   *\n                <br>لَا  كُـفُـؤٌ  لَا  وَالِـدٌ  لَا  وَلَــدُ\n                <br>كُـفَّ الْـعِـدَى  عَنَّـا فَـقَـدْ أُوْذِيْـنَا',NULL,NULL,1,'2025-01-08 05:07:11','2025-01-08 05:07:11',NULL),(72,4,'2','19','اَللهُ  يَا غَالِـبُ   يَـا قَـهَّـارُ   *\n                <br>اَللهُ   يَا  نَافِـعُ  أَنْـتَ الضَّارُّ\n                <br>اَللهُ   يَا  بَارِئُ    يَا  غَـفَّـارُ  *\n                <br>يَا رَبِّ  يَا ذَا  الْقُـوَّةِ الْجَبَّارُ\n                <br>قَـوِّمْ لَنَـا الـدُّنْـيَا وَ قَـوِّ الدِّيْـنَا',NULL,NULL,1,'2025-01-08 05:07:11','2025-01-08 05:07:11',NULL),(73,4,'2','20','اَللهُ  رَبُّ  الْـعِــزَّةِ  الـسَّــلَامُ      *\n                <br>اَلْمُـؤْمِنُ  الْمُهَيْـمِنُ  الْـعَـلَّامُ\n                <br>ذُوالرَّحْمَةِ  الْأَعْلَى  الْأَعَزُّ التَّامُّ  *\n                <br>مَنْ دِيْـنُهُ الْحَـقُّ هُوَ الْإِسْلَامُ\n                <br>قَـيِّـضْ لَـهُ  اللَّـهُـمَّ  نَاصِرِيْنَـا',NULL,NULL,1,'2025-01-08 05:07:11','2025-01-08 05:07:11',NULL),(74,4,'2','21','اَللهُ  أَنْتَ الْمُتَـعَالِى الْحَـكَـمُ   *\n                <br>اَلْفَرْدُ  ذُوالْعَرْشِ الْوَلِيُّ الْأَحْكَـمُ\n                <br>اَلْغَافِرُ الْمُعْطِ الْجَوَادُ  الْمُنْعِمُ  *\n                <br>اَلْعَادِلُ الْـعَدْلُ الصَّبُوْرُ الْأَرْحَمُ\n                <br>مَكِّـنْ لَنَـا فِيْ أَرْضِنَـا تَمْكِـيْـنَـا',NULL,NULL,1,'2025-01-08 05:07:11','2025-01-08 05:07:11',NULL),(75,4,'2','22','اَللهُ   يَا قُـدُّوْسُ  يَـا بُـرْهَـانُ     *\n                <br>يَـا بَارُّ  يَا حَنَّـانُ  يَـا مَنَّـانُ\n                <br>يَا حَـقُّ  يَا مُـقْـسِطُ   يَا دَيَّـانُ    *\n                <br>تَبَارَكَتْ أَسْمَاءُكَ الْحِسَانُ\n                <br>بِهَا  قَرَعْنَـا  بَـابَـكَ  الْمَـصُـوْنَـا',NULL,NULL,1,'2025-01-08 05:07:11','2025-01-08 05:07:11',NULL),(76,4,'2','23','اَللهُ   يَا  خَـلَّاقُ    يَا حَـبِـيْــبُ   *\n                <br>اَللهُ  يَـا  رَزَّاقُ   يَا حَسِـيْـبُ\n                <br>اَللهُ   يَا قَـرِيْبُ   يَـا رَقِــيْـبُ    *\n                <br>اَلْمُسْتَعَانُ السَّامِعُ الْمُجِيْـبُ\n                <br>إِنَّا دَعَوْنَاكَ  اسْـتَـجِـبْ  آمِـيْنَـا',NULL,NULL,1,'2025-01-08 05:07:11','2025-01-08 05:07:11',NULL),(77,5,NULL,'0','لرضاء الله تعالى وبشفاعة رسول الله محمد صلى الله عليه وسلم، وبكرامات جميع الاولياء الله فى العرب والعجم. الفاتحة. نويت الذكر بقراءة الراتب الحداد للحبيب عبد الله ابن علوي ابن محمّد الحداد. تقرّبا الى الله تعالى  وابتغاء لمرضاته وتوبةً لذنوبنا ،وقضاءً لِحوائجنا .. .. ',NULL,NULL,0,'2025-01-08 05:07:11','2025-01-08 05:07:11',NULL),(78,5,NULL,'1','                                                         ١ .  الفاتحة .\n\n  اَعوذ بالله من الشبطان الرجيم .\n\n١.   بِسْمِ اللهِ الرَّحْمنِ الرَّحِيْمِ.\n٢.   اَلْحَمْدُ للهِ رَبِّ الْعَالَمِيْنَ.\n٣.  اَلرَّحْمنِ الرَّحِيْمِ.\n٤.   ماَلِكِ يَوْمِ الدِّيْنِ  .\n٥.   إِيِّاكَ نَعْبُدُ وَإِيَّاكَ نَسْتَعِيْنُ .\n٦.  اِهْدِنَا الصِّرَاطَ الْمُسْتَقِيْمَ.\n٧.  صِرَاطَ الَّذِيْنَ أَنْعَمْتَ عَلَيْهِمْ\n      غَيْرِ الْمَغْضُوْبِ عَلَيْهِمْ وَلاَ الضَّآلِّيْنَ.\n\n\nرَبِّ اغْفِرْ لِيْ وَلِوَالِدَيَّ وَلِلْمّؤْمِنِيْنَ ....  آمِيْنِ',NULL,NULL,0,'2025-01-08 05:07:11','2025-01-08 05:07:11',NULL),(79,5,NULL,'2','             ٢ . اللَّهُ لَا إِلَٰهَ إِلَّا هُوَ الْحَيُّ الْقَيُّومُ ۚ لَا تَأْخُذُهُ سِنَةٌ\n     وَلَا نَوْمٌ ۚلَّهُ مَا فِي السَّمَاوَاتِ وَمَا فِي الْأَرْضِ ۗ\n     مَن ذَا الَّذِي يَشْفَعُ عِندَهُ إِلَّا بِإِذْنِهِ ۚ يَعْلَمُ مَا بَيْنَ\n     أَيْدِيهِمْ وَمَا خَلْفَهُمْ ۖ وَلَا يُحِيطُونَ بِشَيْءٍ مِّنْ عِلْمِهِ\n     إِلَّا بِمَا شَاءَ ۚ وَسِعَ كُرْسِيُّهُ السَّمَاوَاتِ وَالْأَرْضَ ۖ وَلاَ\n     يَؤُودُهُ حِفْظُهُمَا ۚ وَهُوَ الْعَلِيُّ الْعَظِيمُ .\n',NULL,NULL,0,'2025-01-08 05:07:11','2025-01-08 05:07:11',NULL),(80,5,NULL,'3','\n لِّلَّهِ مَا فِي السَّمَاوَاتِ وَمَا فِي الْأَرْضِ ۗ وَإِن تُبْدُوا مَا فِي أَنفُسِكُمْ أَوْ تُخْفُوهُ يُحَاسِبْكُم بِهِ اللَّهُ ۖ فَيَغْفِرُ لِمَن يَشَاءُ وَيُعَذِّبُ مَن يَشَاءُ ۗ وَاللَّهُ عَلَىٰ كُلِّ شَيْءٍ قَدِيرٌ.\n ',NULL,NULL,0,'2025-01-08 05:07:11','2025-01-08 05:07:11',NULL),(81,5,NULL,'4','            ٣ . آمَنَ الرَّسُوْلُ بِمَآ أُنْزِلَ إِلَيْهِ مِنْ رَبِّه وَالْمُؤْمِنُوْنَ\n      كُلٌّ آمَنَ بِاللهِ وَمَلآئِكَتِهِ وَكُتُبِهِ وَرُسُلِهِ ، لاَ نُفَرِّقُ بَيْنَ\n      أَحَدٍ مِنْ رُسُلِهِ ، وَقَالُوا سَمِعْناَ وَأَطَعْناَ غُفْراَنَكَ رَبَّنَا\n      وَإِلَيْكَ الْمَصِيْرُ * لاَ يُكَلِّفُ اللهُ نَفْسًا إِلاَّ وُسْعَهَا لَهَا مَا\n      كَسَبَتْ وَعَلَيْهَا مَا اكْتَسَبَتْ ، رَبَّنَا لاَ تُؤَاخِذْنَآ إِنْ نَسِيْنَآ\n      أَوْ أَخْطَأْنَا رَبَّنَا وَلاَ تَحْمِلْ عَلَيْنَا إِصْرًا كَمَا حَمَلْتَهُ عَلَى\n      الَّذِيْنَ مِنْ قَبْلِنَا ، رَبَّنَا وَلاَ تُحَمِّلْنَا مَالاَ طَاقَةَ لَنَا بِهِ ،\n      وَاعْفُ عَنَّا وَاغْفِرْ لَنَا وَارْحَمْنآ أَنْتَ مَوْلاَنَا فَانْصُرْناَ\n      عَلَى الْقَوْمِ الْكَافِرِيْن.\n',NULL,NULL,0,'2025-01-08 05:07:11','2025-01-08 05:07:11',NULL),(82,5,NULL,'5','  ٤ . لاَ إِلَهَ إِلاَّ اللهُ وَحْدَهُ لاَ شَرِيْكَ لَهُ، لَهُ الْمُلْكُ وَلَهُ الْحَمْدُ\n     يُحْيِي وَيُمِيْتُ وَهُوَ عَلَى كُلِّ شَيْءٍ قَدِيرٌ .    ٣\n',NULL,NULL,0,'2025-01-08 05:07:11','2025-01-08 05:07:11',NULL),(83,5,NULL,'6','.\n٥ . سُبْحَانَ اللهِ  وَالْحَمْدُ للهِ   وَلاَ إِلَهَ إِلاَّ اْللهُ\n     وَاللهُ اَكْبَرُ .      ٣\n',NULL,NULL,0,'2025-01-08 05:07:11','2025-01-08 05:07:11',NULL),(84,5,NULL,'7','.\n٦ . سُبْحَانَ اللهِ وَبِحَمْدِهِ  سُبْحاَنَ اللهِ الْعَظِيْمِ .    ٣\n',NULL,NULL,0,'2025-01-08 05:07:11','2025-01-08 05:07:11',NULL),(85,5,NULL,'8','.\n٨ . اَللَّهُمَّ صَلِّ عَلَى( سيّدنا ) مُحَمَّدٍ ،\n      اَللَّهُمَّ صَلِّ عَلَيْهِ وَسَلِّمْ .       ٣\n',NULL,NULL,0,'2025-01-08 05:07:11','2025-01-08 05:07:11',NULL),(86,5,NULL,'9','.\n٩ . أَعُوْذُ بِكَلِمَاتِ اللهِ التَّآمَّاتِ مِنْ شَرِّ مَا خَلَقَ .    ٣\n',NULL,NULL,0,'2025-01-08 05:07:11','2025-01-08 05:07:11',NULL),(87,5,NULL,'10','.\n١٠ . بِسْـمِ اللهِ الَّذِي لاَ يَضُـرُّ مَعَ اسْـمِهِ شَيْءٌ فِي الأَرْضِ\n     وَلاَ فِي الْسَّمَـآءِ   وَهُوَ الْسَّمِيْـعُ الْعَلِيْـمُ.    ٣\n',NULL,NULL,0,'2025-01-08 05:07:11','2025-01-08 05:07:11',NULL),(88,5,NULL,'11','.\n١١ . رَضِيْنَـا بِاللهِ رَبًّا ، وَبِالإِسْـلاَمِ دِيْنـًا ،\n      وَبِمُحَمَّدٍ نَبِيّـًا ( وَرَسُوْلُا )      ٣\n',NULL,NULL,0,'2025-01-08 05:07:11','2025-01-08 05:07:11',NULL),(89,5,NULL,'12','.\n١٢ . بِسْمِ اللهِ  وَالْحَمْدُ لِله   وَالْخَيْرُ وَالشَّـرُّ\n      بِمَشِيْئَـةِ اللهِ .         ٣\n',NULL,NULL,0,'2025-01-08 05:07:11','2025-01-08 05:07:11',NULL),(90,5,NULL,'13','.\n١٣ . آمَنَّا بِاللهِ وَاليَوْمِ الآخِرِ ، تُبْناَ إِلَى اللهِ\n       باَطِناً  وَظَاهِرًا.     ٣\n',NULL,NULL,0,'2025-01-08 05:07:11','2025-01-08 05:07:11',NULL),(91,5,NULL,'14','.\n١٤ . يَا رَبَّنَا وَاعْفُ عَنَّا  وَامْحُ الَّذِيْ كَانَ مِنَّا .    ٣\n',NULL,NULL,0,'2025-01-08 05:07:11','2025-01-08 05:07:11',NULL),(92,5,NULL,'15','.\n١٥ . ياَ ذَا الْجَلاَلِ وَالإِكْراَمِ ،أَمِتْناَ عَلَى دِيْنِ الإِسْلاَمِ.  ٧\n',NULL,NULL,0,'2025-01-08 05:07:11','2025-01-08 05:07:11',NULL),(93,5,NULL,'16','.\n  ١٦ . ياَ قَوِيُّ ياَ مَتِيْـنُ   إِكْفِ شَرَّ الظَّالِمِيْـنَ.   ٣\n',NULL,NULL,0,'2025-01-08 05:07:11','2025-01-08 05:07:11',NULL),(94,5,NULL,'17','.\n١٧ . أَصْلَحَ اللهُ أُمُوْرَ الْمُسْلِمِيْنَ  صَرَفَ اللهُ\n      شَرَّالْمُؤْذِيْنَ.   ٣\n',NULL,NULL,0,'2025-01-08 05:07:11','2025-01-08 05:07:11',NULL),(95,5,NULL,'18','.\n١٨ . يـَا عَلِيُّ يـَا كَبِيْرُ ،   يا عَلِيْمُ يـَا قَدِيْرُ،\n      يـَاسَمِيعُ يـَا بَصِيْرُ ،  يـالَطِيْفُ يَاخَبِيْرُ .   ٣\n',NULL,NULL,0,'2025-01-08 05:07:11','2025-01-08 05:07:11',NULL),(96,5,NULL,'19','.\n١٩ . ياَ فَارِجَ الهَمِّ ، يَا كَاشِفَ الغَّمِّ ، يَا مَنْ لِعَبْدِهِ\n      يَغْفِرُ وَيَرْحَمُ.     ٣\n',NULL,NULL,0,'2025-01-08 05:07:11','2025-01-08 05:07:11',NULL),(97,5,NULL,'20','.\n٢٠ .  أَسْتَغْفِرُ اللهَ رَبَّ الْبَرَايَا، أَسْتَغْفِرُ اللهَ\n        مِنَ الْخَطَاياَ.    ٤\n',NULL,NULL,0,'2025-01-08 05:07:11','2025-01-08 05:07:11',NULL),(98,5,NULL,'21','.\n٢١ .     لاَ إِلَهَ إِلاَّ اللهُ - لاَ إِلَهَ إِلاَّ اللهُ .       ٥٠\n',NULL,NULL,0,'2025-01-08 05:07:11','2025-01-08 05:07:11',NULL),(99,5,NULL,'22','.\n٢٢ . لاَ إِلَهَ إِلاَّ اللهُ مُحَمَّدٌ رَسُولُ اللهِ صَلَّى اللهُ عَلَيْهِ\n       وَسَلَّمِ وَشَرَّفَ وَكَرَّمَ وَمَجَّدَ وَعَظَّمَ ، وَرَضِيَ اللهُ\n       تَعاَلَى عَنْ آهْلِ بَيْتِهِ الطَّيِّبِيْنَ الطَّاهِرِيْنَ ، وَأَصْحَابِهِ\n       الأَكْرَمِيْنَ الْمُهْتَدِيْنَ ، وَأَزْوَاجِهِ الطَّاهِرَاتِ أُمَّهَاتِ\n       الْمُؤْمِنِيْنَ ، وَالتَّابِعِيْنَ لَهُمْ بِإِحْسَانٍ إِلَى يَوْمِ الدِّيْنِ\n       وَعَلَيْناَ مَعَهُمْ وَفِيْهِمْ بِرَحْمَتِكَ يَا أَرْحَمَ الرَّاحِمِيْنَ.\n\n       ( بِسْم اللهِ الرَّحْمنِ الرَّحِيْمِ )\n\n',NULL,NULL,0,'2025-01-08 05:07:11','2025-01-08 05:07:11',NULL),(100,5,NULL,'23','.\n٢٣ .  قُلْ هُوَ اللهُ أَحَـدٌ.   اَللهُ الصَّمَـدُ. لَمْ يَلِـدْ وَلَمْ\n        يٌوْلَـدْ. وَلَمْ يَكُـنْ لَهُ كُفُـوًا  أَحَـدٌ.\n\n                    (بِسْم اللهِ الرَّحْمنِ الرَّحِيْمِ)\n\n. قُلْ أَعُوْذُ بِرَبِّ الْفَلَقِ ، مِنْ شَرِّ ماَ خَلَقَ، وَمِنْشَرِّغَاسِقٍ\n  إِذَا وَقَبَ ، وَمِنْ شَرِّ النَّفَّاثَاتِ فِي الْعُقَدِ ، وَمِنْ شَرِّ\n  حَاسِدٍ إِذَا حَسَد .\n\n                   (بِسْم اللهِ الرَّحْمنِ الرَّحِيْمِ )\n\n. قُلْ أَعُوْذُ بِرَبِّ النَّاسِ  ، مَلِكِ النَّاسِ ، إِلَهِ النَّاسِ  ،\n  مِنْ شَرِّ الْوَسْوَاسِ الْخَنَّاسِ  ، اَلَّذِيْ يُوَسْوِسُ فِي\n  صُدُوْرِ النَّاسِ، مِنَ الْجِنَّةِ وَالنَّاسِ .\n',NULL,NULL,0,'2025-01-08 05:07:11','2025-01-08 05:07:11',NULL),(101,5,NULL,'24','.\n٢٤ . ( ترتيب الفاتحة )\n\nأ.  الفاتحة اِلَى رُوْحِ سَيِّدِنَا الشَّيْخِ الْكَبِيْرِ اَلْقُطْبِ الشَّهِيْرِ\n    الْفَقِيْهِ الْمُقَدَّمِ  مُحَمَّد بِن عَلِيّ باَعَلَوِي ، وَأُصُولِهِ\n    وَفُرُوعِهِ ، وَجَمِيْعِ سَادَاتِنَا آلِ أَبِي عَلَوِي ،أَنَّ اللهَ\n    يُعْلِي دَرَجَاتِهِمْ فِي الْجَنَّةِ ،وَيُعِيْدُ عَلَيْنَا مِنْ بَرَكَاتِهِمْ\n    وَأَسْرَارِهِمْ وَأَنْوَارِهِمْ  فِي الدِّيْنِ وَالدُّنْياَ وَالآخِرَةِ.\n\n',NULL,NULL,0,'2025-01-08 05:07:11','2025-01-08 05:07:11',NULL),(102,5,NULL,'25','.                                      ١.   بِسْمِ اللهِ الرَّحْمنِ الرَّحِيْمِ\n٢.   اَلْحَمْدُ للهِ رَبِّ الْعَالَمِيْنَ.\n٣.  اَلرَّحْمنِ الرَّحِيْمِ.\n٤.   ماَلِكِ يَوْمِ الدِّيْنِ  .\n٥.   إِيِّاكَ نَعْبُدُ وَإِيَّاكَ نَسْتَعِيْنُ .\n٦.  اِهْدِنَا الصِّرَاطَ الْمُسْتَقِيْمَ.\n٧.  صِرَاطَ الَّذِيْنَ أَنْعَمْتَ عَلَيْهِمْ   غَيْرِ الْمَغْضُوْبِ عَلَيْهِمْ وَلاَ الضَّآلِّيْنَ.\nرَبِّ اغْفِرْ لِيْ وَلِوَالِدَيَّ وَلِلْمّؤْمِنِيْنَ ....  آمِيْنِ\n\n',NULL,NULL,0,'2025-01-08 05:07:11','2025-01-08 05:07:11',NULL),(103,5,NULL,'26','.\nب- اِلَى رُوْحِ سَيِّدِنَا الشَّيْخِ الْكَبِيْرِ  ،الْقُطْبِ الشَّهِيْرِ الْحَبِيْبِ عَبْدِ اللهِ بْنِ عَلَوِي بْنِ مُحَمَّدِ الْحَدَّاد بَاعَلَوِيْ صَاحِبِ الْرَّ اتِبِ ،\nوَأُصُوْلِهِ وَفُرُوْعِهِ ، اَنَّ اللهَ يُعْلِيْ دَرَجَاتِهِمْ فِي الْجَنَّةِ، وَيُعِيْدُ عَلَيْنَا مِنْ بَرَكَاتِهِمْ وَأَسْرَارِهِمْ وَأَنْوَارِهِمْ  فِي الدِّيْنِ وَالدُّنْيَا وَالآخِرَةِ .\n',NULL,NULL,0,'2025-01-08 05:07:11','2025-01-08 05:07:11',NULL),(104,5,NULL,'27','.                                      ١.   بِسْمِ اللهِ الرَّحْمنِ الرَّحِيْمِ\n٢.   اَلْحَمْدُ للهِ رَبِّ الْعَالَمِيْنَ.\n٣.  اَلرَّحْمنِ الرَّحِيْمِ.  ٤.   ماَلِكِ يَوْمِ الدِّيْنِ  .\n٥.   إِيِّاكَ نَعْبُدُ وَإِيَّاكَ نَسْتَعِيْنُ . ٦.  اِهْدِنَا الصِّرَاطَ الْمُسْتَقِيْمَ.\n٧.  صِرَاطَ الَّذِيْنَ أَنْعَمْتَ عَلَيْهِمْ   غَيْرِ الْمَغْضُوْبِ عَلَيْهِمْ وَلاَ الضَّآلِّيْنَ.\nرَبِّ اغْفِرْ لِيْ وَلِوَالِدَيَّ وَلِلْمّؤْمِنِيْنَ ....  آمِيْنِ\n\n',NULL,NULL,0,'2025-01-08 05:07:11','2025-01-08 05:07:11',NULL),(105,5,NULL,'28','.\nج-  الفاتحة أَنَّ اللهَ يُغِيْثُ الْمُسْلِمِيْنَ وَيَرْحَمُ الْمُسلِمِيْنَ بِالْعَافِيَةِ ،\nوَيُغْزِرُ أَمْطَارَهُمْ ،وَيُرْخِصُ أَسْعَارَهُمْ، وَيُصْلِحُ سَلاَطِيْنَهُمْ،\nوَيَكْفِيْهِمْ شَرَّالْفِتَنِ وَالْبَلِيَّاتِ وَالْمِحَنِمَا ظَهَرَ\nمِنْهَا وَمَا بَطَنَ ، واَن يَحْفَظَ الْحُجَّاجَ وَالْمُسَافِرِيْنَ،\n',NULL,NULL,0,'2025-01-08 05:07:11','2025-01-08 05:07:11',NULL),(106,5,NULL,'29','.\nوَالْغُزَاةِ وَالْمُجَاهِدِيْنَ مِنَ الْمُسْلِمِيْنَ فِي الْبَرِّ وَالْبَحرِ أَجْمَعِيْنَ.\nأَنَّ اللهَ يُصْحِبُهُمُ بِالسَّلاَمَةِ ، وَيَرُدُّهُمْ إِلَى أوْطَانِهِمْ سَالِمِيْنَ غَانِمِيْنَ آمِنِيْنَ فِي خَيْرٍ وَلُطْفٍ وَعَافِيَةٍ .\n',NULL,NULL,0,'2025-01-08 05:07:11','2025-01-08 05:07:11',NULL),(107,5,NULL,'30','.\n١.   بِسْمِ اللهِ الرَّحْمنِ الرَّحِيْمِ.\n٢.   اَلْحَمْدُ للهِ رَبِّ الْعَالَمِيْنَ.\n٣.  اَلرَّحْمنِ الرَّحِيْمِ.\n ٤.   ماَلِكِ يَوْمِ الدِّيْنِ  .\n٥.   إِيِّاكَ نَعْبُدُ وَإِيَّاكَ نَسْتَعِيْنُ .\n٦.  اِهْدِنَا الصِّرَاطَ الْمُسْتَقِيْمَ.\n٧.  صِرَاطَ الَّذِيْنَ أَنْعَمْتَ عَلَيْهِمْ   غَيْرِ الْمَغْضُوْبِ عَلَيْهِمْ وَلاَ الضَّآلِّيْنَ.\nرَبِّ اغْفِرْ لِيْ وَلِوَالِدَيَّ وَلِلْمّؤْمِنِيْنَ ....  آمِيْنِ\n',NULL,NULL,0,'2025-01-08 05:07:11','2025-01-08 05:07:11',NULL),(108,5,NULL,'31','.\n د- الفاتحة ..إِلَى أَرْوَاحِ وَالِدِيْنَا وَوَالِدِيْكُمْ  وَاُستَاذِنَا وَاُستَاذِكُمْ  وَأَمْوَاتِنَا وَأَمْوَاتِكُمْ  وَأَمْوَاتِ الْمُسْلِمِيْنَ ، أَنَّ اللهَ يَتَغَشَّاهُمْ بِالرَّحْمَةِ وَالْمَغْفِرَةِ وَيُسْكِنُهُمُ الْجَنَّةَ وَيَخْتِمُ لَنَا وَلَكُمْ بِالْحُسْنَى فِي خَيْرٍوَلُطْفٍ وَعَافِيَةٍ ،\n',NULL,NULL,0,'2025-01-08 05:07:11','2025-01-08 05:07:11',NULL),(109,5,NULL,'32','.\n١.   بِسْمِ اللهِ الرَّحْمنِ الرَّحِيْمِ.\n٢.   اَلْحَمْدُ للهِ رَبِّ الْعَالَمِيْنَ.\n٣.  اَلرَّحْمنِ الرَّحِيْمِ.\n٤.   ماَلِكِ يَوْمِ الدِّيْنِ  .\n٥.   إِيِّاكَ نَعْبُدُ وَإِيَّاكَ نَسْتَعِيْنُ .\n٦.  اِهْدِنَا الصِّرَاطَ الْمُسْتَقِيْمَ.\n٧.  صِرَاطَ الَّذِيْنَ أَنْعَمْتَ عَلَيْهِمْ   غَيْرِ الْمَغْضُوْبِ عَلَيْهِمْ وَلاَ الضَّآلِّيْنَ.\nرَبِّ اغْفِرْ لِيْ وَلِوَالِدَيَّ وَلِلْمّؤْمِنِيْنَ ....  آمِيْنِ\n',NULL,NULL,0,'2025-01-08 05:07:11','2025-01-08 05:07:11',NULL),(110,5,NULL,'33','.\n- وَإِلَى حَضْرَةِ الْنبيّ العَلَيْه مصطفى رسول اللهِ  سَيِّدِنَا مُحَمَّدٍ صَلَّى اللهُ  وَسَلَّمَ .\n',NULL,NULL,0,'2025-01-08 05:07:11','2025-01-08 05:07:11',NULL),(111,5,NULL,'34','.\n١.   بِسْمِ اللهِ الرَّحْمنِ الرَّحِيْمِ.\n٢.   اَلْحَمْدُ للهِ رَبِّ الْعَالَمِيْنَ.\n٣.  اَلرَّحْمنِ الرَّحِيْمِ.\n ٤.   ماَلِكِ يَوْمِ الدِّيْنِ  .\n٥.   إِيِّاكَ نَعْبُدُ وَإِيَّاكَ نَسْتَعِيْنُ .\n٦.  اِهْدِنَا الصِّرَاطَ الْمُسْتَقِيْمَ.\n٧.  صِرَاطَ الَّذِيْنَ أَنْعَمْتَ عَلَيْهِمْ   غَيْرِ الْمَغْضُوْبِ عَلَيْهِمْ وَلاَ الضَّآلِّيْنَ.\nرَبِّ اغْفِرْ لِيْ وَلِوَالِدَيَّ وَلِلْمّؤْمِنِيْنَ ....  آمِيْنِ\n',NULL,NULL,0,'2025-01-08 05:07:11','2025-01-08 05:07:11',NULL),(112,5,NULL,'35','.\nوهذا الدّعآء\n\nاَلْحَمْدُ اللهِ رَبِّ العَالَمِيْنَ . حَمْدًا يُوَافِي نِعَمَهُ وَيُكَافِئُ مَزِيْدَهُ،\nيَا رَبَّنَا لَكَ الْحَمْدُ كَمَا يَنْبَغِي لِجَلاَلِ وَجْهِكَ وَعَظِيْمِ سُلْطَانِكَ ،\nاَللَّهُمَّ صَلِّ عَلَى سَيِّدِنَا مُحَمَّدٍ وَعَلَى اَلِهِ وَصَحْبِهِ وَسَلِّمْ.\n اَللَّهُمَّ إِنَّا نَسْأَلُكَ بِحَقِّ سُورَةِ الْفاَتِحَةِ الْمُعَظَّمَةِ وَالسَّبْعِ الْمَثَانِيْ وَالْقُرْآنِ الْعَظِيْمِ ، أَنْ تَفْتَحَ لَنَا بِكُلِّ خَيْرٍ، وَأَنْ تَتَفَضَّلَ عَلَيْنَا بِكُلِّ خَيْرٍ، وَأَنْ تَجْعَلَنَا مِنْ أَهْلِ الْخَيْرِ، وَأَنْ تُعَامِلَنَا يَا مَوْلاَنَا مُعَامَلَتَكَ ِلأَهْلِ الْخَيْرِ، وَأَنْ تَحْفَظَنَا فِي دِيْنِنَا وَأَنْفُسِنَا وَأَوْلاَدِنَا وَأَهْلِيْنَا وَأَصْحَابِنَا وَأَحْبَابِنَا مِنْ كُلِّ مِحْنَةٍ وَفِتْنَةٍ وَبُؤْسٍ وَضَيْرٍ، إِنَّكَ وَلِيُّ كُلِّ خَيْرٍ وَمُتَفَضِّلٌ بِكُلِّ خَيْرٍ وَمُعْطٍ لِكُلِّ خَيْرٍ    يَا أَرْحَمَ الرَّاحِمِيْن.\n',NULL,NULL,0,'2025-01-08 05:07:11','2025-01-08 05:07:11',NULL),(113,5,NULL,'36','.\n٢٥ .    اَللَّهُمَّ إِنَّا نَسْـأَلُكَ رِضَـاكَ وَالْجَنَّـةَ . .\n          وَنَـعُوْذُ بِكَ مِنْ سَـخَطِكَ وَالنَّـارِ .         ٣\n\n',NULL,NULL,0,'2025-01-08 05:07:11','2025-01-08 05:07:11',NULL),(114,5,NULL,'37','.\nزيادة :\n*   يَاعَالِمَ السِّرِّمِنَّا ، لاَتَهْتِكَ السِّتْرَ عَنَّا، وَعَافِنَا وَاعْفُ عَنَّا ،\n     وَكُنْ لَّنَا حَيْثُ كُنَّا.     ٣\n\n',NULL,NULL,0,'2025-01-08 05:07:11','2025-01-08 05:07:11',NULL),(115,5,NULL,'38','.\n*  يَااللهُ بِهَا  يَااللهُ بِهَا   يَااللهُ بِحُسْنِ الْخَاتِمَةِ .      ٣\n',NULL,NULL,0,'2025-01-08 05:07:11','2025-01-08 05:07:11',NULL),(116,5,NULL,'39','.\n*  يَا لَطِيْفًا  بِخَلْقِهِ ،  يَا عَلِيْمًا  بِخَلْقِهِ ، يَا خَبِيْرًا  بِخَلْقِهِ ،\n    أُلْطُفْ بِنَا    يَا لَطِيْفُ ، يَا عَلِيْمُ  ، يَا خَبِيْرُ .         ٣\n',NULL,NULL,0,'2025-01-08 05:07:11','2025-01-08 05:07:11',NULL),(117,5,NULL,'40','.\n*  يَا لَطِيْفًا لَمْ يَزَلْ  أُلْطُفْ بِنَا فِيْمَا نَزَلَ ،-\n     إِنَّكَ لَطِيْفٌ لَمْ تَزَلْ   أُلْطُفْ بِنَا وَالْمُسْلِمِيْنَ.       ٣\n',NULL,NULL,0,'2025-01-08 05:07:11','2025-01-08 05:07:11',NULL),(118,5,NULL,'41','.\n* جَزَى اللهُ   سَيِّدَنا مُحَمَّدًا   عَنَّا خَيْرًا -\n   جَزَى اللهُ   سَيِّدَنا مُحَمَّدًا   عَنَّا  مَا هُوَ اَهْلُهُ ،     ٣\n',NULL,NULL,0,'2025-01-08 05:07:11','2025-01-08 05:07:11',NULL),(119,5,NULL,'42','.\n* يَا اَمَانَ  الْخَائِفِيْنَ       اَمِنَّا      مِمَّا نَخَافُ\n   يَا اَمَانَ  الْخَائِفِيْنَ       سَلِّمْنَا   مِمَّا نَخَافُ\n   يَا اَمَانَ  الْخَائِفِيْنَ       نَجِّنَا     مِمَّا نَخَافُ\n   يَا اَمَانَ  الْخَائِفِيْنَ       اُنْصُرْنَا  مِمَّا نَخَافُ  .     /٣\n',NULL,NULL,0,'2025-01-08 05:07:11','2025-01-08 05:07:11',NULL),(120,5,NULL,'43','.\n * سُبْحَانً رَبِّكَ  رَبِّ الْعِزَّةِ  عَمَّا  يَصِفُوْنَ ، وَسَلَامٌ  عَلَى الْمُرْسَلِيْنَ ،\nوَالْحًمْدُ لِله رَبِّ الْعَالَمِيْنَ .\n\n  الفاتحة\n',NULL,NULL,0,'2025-01-08 05:07:11','2025-01-08 05:07:11',NULL),(121,5,NULL,'44','                                      .١.   بِسْمِ اللهِ الرَّحْمنِ الرَّحِيْمِ\n٢.   اَلْحَمْدُ للهِ رَبِّ الْعَالَمِيْنَ.\n٣.  اَلرَّحْمنِ الرَّحِيْمِ.\n٤.   ماَلِكِ يَوْمِ الدِّيْنِ  .\n٥.   إِيِّاكَ نَعْبُدُ وَإِيَّاكَ نَسْتَعِيْنُ .\n ٦.  اِهْدِنَا الصِّرَاطَ الْمُسْتَقِيْمَ.\n٧.  صِرَاطَ الَّذِيْنَ أَنْعَمْتَ عَلَيْهِمْ   غَيْرِ الْمَغْضُوْبِ عَلَيْهِمْ وَلاَ الضَّآلِّيْنَ.\nرَبِّ اغْفِرْ لِيْ وَلِوَالِدَيَّ وَلِلْمّؤْمِنِيْنَ ....  آمِيْنِ\n',NULL,NULL,0,'2025-01-08 05:07:11','2025-01-08 05:07:11',NULL),(122,5,NULL,'45','\nمَوْلَايَ صَلِّ وَ سَلِّمْ دَائِمًا أَبَــدًا\n              عَلَى حَبِيْبِكَ خَيْرِ الْخَلْقِ كُلِّــــــــهِمِ\n\nهُوَ الْحَبِيْبُ الَّذِيْ تُرْجَى شَفَاعَتُهُ\n              لِكُلِّ هَوْلٍ مِنَ الْأَهْوَالِ مُقْتَــحِــــــمِ\n\n\nيَا رَبِّ بِالْمُصْطَفَى بَلِّغْ مَقَاصِدَنَا\n            وَ اغْفِرْ لَنَا مَا مَضَى يَا وَاسِعَ الْكَرَمِ\n\nالفاتحة\n',NULL,NULL,0,'2025-01-08 05:07:11','2025-01-08 05:07:11',NULL),(123,6,NULL,'1','إلَى حَضْرَةِ النَّبِيِّ المُصْطَفَى ، وَحَبِيْبِ الْمُجْتَبَى، وَرَسُوْلِ المُقْتَدَى، سَيِّدِنَا وَحَبِيْبِنَا وَشَفِيعِنَا وَقُرَّةِ أََعْيُنِنَا مُحَمَّدٍ صَلَّى اللهُ عَلَيْه وَسَلَّمْ وَعَلَى اَلِهِ وَأَصْحَابِهِ وَازْوَاجِهِ وَذُرِّيَّاتِهِ وَاهْلِ بَيْتِهِ الْكِرَام ... الفاتحة',NULL,NULL,0,'2025-01-08 05:07:11','2025-01-08 05:07:11',NULL),(124,6,NULL,'2','وَالْأَوْلِيَآءِ وَالشُّهَدَاءِ وَالصَّالِحِيْنَ. وَآلِ كُلٍّ وَصَحْبِ كُلٍّ . ثُمَّ إِلَى رُوحِ أَبِيْنَا آدَمَ وَاُمِّنَا حَوَّاءَ وَمَا تَنَاسَلَ بَيْنَهُمَا إلَى يَوْمِ الْقِيَامَةِ ... الفاتحة',NULL,NULL,0,'2025-01-08 05:07:11','2025-01-08 05:07:11',NULL),(125,6,NULL,'3','ثُمَّ إلى أَرْوَاحِ سَادَاتِنَا وَمَوَالِيْنَا وَاَئِمَّتِنَا : سَيّدِنَا أََبِي بَكْرٍ الصِّدّيْقْ ،وسَيدِنا عُمَرَ بْنِ الْخَطَّاب، وَسَيّدِنَا عُمَانَ ابْنِ عَفَّان ،وَسَيِّدِنَا عَلِيٍّ بْنٍ اَبِي طِالِبْ، وَسِتَّةِ الْبَاقِيْنْ ، ثم إلى أزوَاحِ بَقِيَّةِ الصَّحَابَةِ وَالْقَرَابَةِ. وَالتَّابِعِينَ وَتَابِعِ التَّابِعِينَ وَتَابِعِهِمْ بِإِحْسَانٍ إِلى يَوْمِ الدِّينَ.',NULL,NULL,0,'2025-01-08 05:07:11','2025-01-08 05:07:11',NULL),(126,6,NULL,'4','ثُمَّ إِلى أَرْوَاحِ اَرْبَعَةِ الْأَئِمَّةِ المُحْتَهدِينَ وَمُقَادِيهِمْ فِي الدِّينِ.وإلى أَرْوَاحِ العَلَمَاءِ الرَّاشِدِيْنَ وَالْقَرَاءِ المَخْلِصِينَ وَالْأَئِمَّةِالْحَدِيثِ وَالْمُفْسِرِينَ وَسَائِرِ السَّادَاتِنَا الصُّوْفِيَّةِ المُحَقِّقِينَ،ثُمَّ إلى أَرْوَاحِ كُلِّ وَليٍّ وَوَلَيَّةٍ وَمُسْلِم وَمُسْلِمَةٍ مِنْ مَشَارِقِ الْأَرْضِ إِلى مَغَارِبِهَا وَمِنْ يَميْنهَا إلى شِمَالِهَا',NULL,NULL,0,'2025-01-08 05:07:11','2025-01-08 05:07:11',NULL),(127,6,NULL,'5','ثُمَّ إِلى أَرْوَاحِ جَمِيعِ اَهْلِ سِلْسِلَةِ الْقَادِرِيَّةِ وَالنَّفْسَبَنْدِيَّةِ.وَجَمِيعِ اَهْلِ الطُّرُقِ . خُصُوصًا سُلْطَانَ الْأَوْلِيَاءِ. سَيّدِنَاالشَّيْخِ عَبْدِ القَادِرِ الجيلاني الله وَسَيّدَ الطَّائِفَةِ الصُّوْفِيَّة.الشَّيْخَ إِلَى الْقَاسِمِ جُنَيْدِ الْبَغْدَادِي. وَسَيّدَ السَّارِي السَّفَطِيوَسَيِّدَ الْمَعْرُوْفِ الكَرْخِي. وَسَيّدَ الْحَبَيْبِ الْعَجَمِ. وَسَيِّدَالحَسَنُ الْبَصْرِي. وَسَيِّدَ الْإِمَامِ جَعْفَرِ الصَّادِقِ. وَسَيِّدَ أبِي يَزِيدُ البَسْطَامِي ،وَسَيِّدَ يُوْسُفُ الْهَمْدَانِي. وَسَيِّدَ مُحَمَّدٌ بَهَاءُ الدِّينَ النَّفْسَبَنْدِي ، وَإِلَى حَضْرَةِ الْإِمَامِ الرَّبَّانِي وَأَصُوْلِهِمْ وَفَرُوْعِهِمْ وَاَهْلِ سِلْسِلَتِهِمْ وَالأَخِذِيْنَ عَنْهُمْ ',NULL,NULL,0,'2025-01-08 05:07:11','2025-01-08 05:07:11',NULL),(128,6,NULL,'6','ثمَّ إِلى أَروَاحِ الفَقِيْهِ المُقَدَّمِ مُحَمَّدِ ابْنِ عَلِي بَاعَلَوِي وَالحَبيبِ عَبْدِ اللَّهِ ابْنِ عَلْوِى ابْنِ مُحَمَّدِ الْحَدَادِ بَاعَلَوِيْ وَالْإِمَامِ الْجَلِيْلْ عَبْدِ الرّحْمَنْ الدِّبَاعِي. وَآبِى عَبْدِ اللهُ مُحَمَّدِ ابْنِ سَعِيْدْ  الْبَصَيْرِي،وَالشَّيْخ إبْرَاهِيمَ التَّازِي <صاحب الصيغة هذه الصلاة النارية> رَحِمَهُمُ اللهُ تَعَالَى',NULL,NULL,0,'2025-01-08 05:07:11','2025-01-08 05:07:11',NULL),(129,6,NULL,'7','ثُمَّ الْفَاتِحَةُ إِلى أَرْوَاحِ مَنْ فَتَحَ هذِهِ القَرْيَةِ وَمَنْ عَمَّرَهَا بإِحْيَاءِ الشَّرِيعَةِ الإِسْلَام فِيْهَا ، وَإلى أَرْوَاحِ مُؤَسِّسِ هذا الْمُصَلَّى : كنجانا وغو الكوثر وقف العطاش الحبيب احمد بن شيخ العطاش .الْفَاتِحَةُ إِلى أَرْوَاحِ اَسَاتِيْذِنَا وَمَشَايِخِنَا خُصُوصًا.\n                الْحَاجّ كِيَاهِي : سَعْـدُ الله آميْن نَافِعٌ ،\n                الْحَاجَ كِيَاهِي : أَحْيَدٌ حَلِيْمِي.\n                الْحَاجّ كِيَاهِي : أَحْمَدِيْ وَاَخِيْه .\n                الحاج كِيَاهِي : زَمْرَحِي إِبْنَا الشَّيْرَازِى.\n                الْحَاج  كِيَاهِي : حَسَنْ اَشْعَرِي مَعْلِي .\n\n                وَأَصُوْلِهِمْ وَفَرُوْعِهِمْ وَاَهْلِ سِلْسِلَتِهِمْ اَنَّ اللهَ يَغْفِرْ لَهُمْ وَيَرْحَمْهُمْ  وَيَنْفَعَنَا بِهِمْ وَآمَدَّنَا بِمَدِدِهِمْ وَيُعِيْدُ عَلَيْنَا مِنْ بَرَكَاتِهِمْ وَأَسْرَارِهِمْ ',NULL,NULL,0,'2025-01-08 05:07:11','2025-01-08 05:07:11',NULL),(130,6,NULL,'8','الْفَاتِحَةُ إِلى أَزْوَاحِ وَالِدِينَا وَوَالِدِيْكُمْ. وَمَشَايِحِْنَا وَمَشَايِحْكُمْ. وَأَمْوَاتِنَا وَاَمْوَاتِكُمْ، وَلِمَنْ اَحْسَنَ اِلَيْنَا . وَلِمَنْ لَه حَقٌّ عَلَيْنَا .وَلِمَنْ أَوْصَانَا وَاسْتَوْصَانَا. وَلِمَنْ يَتَعَلَّمُ عِنْدَنَا وَقَلَدَنَا بِدُعَاءِ الخَيْرِ',NULL,NULL,0,'2025-01-08 05:07:11','2025-01-08 05:07:11',NULL),(131,6,NULL,'9','ثُمَّ إِلى أَرْوَاحِ جَمِيْعِ اَهْلِ الْقُبُوْرِ مِنَ المُسْلِمِينَ وَالْمُسْلِمَاتِ. والمؤمِنِينَ وَالمُؤْمِنَاتِ مِنْ مَشَارِقِ الْأَرْضِ إلى مَغَارِبَهَا. بَرْهَا وَبَحْرِهَا وَمِنْ يَمِيْنهَا إلى شِمَالِهَا . وَمِنْ قَافٍ إلى قَافٍ مِنْ لَدُنْ آدم إلى يَوْمِ',NULL,NULL,0,'2025-01-08 05:07:11','2025-01-08 05:07:11',NULL),(132,6,NULL,'10','الفَاتِحَةُ بِنِيَّة القَبُوْلِ. وَتَمَامِ كُلِّ سُوْلِ وَمَأْمُوْلٍ وَصَلَاحِ الشَّأْنِ. ظَاهِرًا وَبَاطِنَا فِي الدِّيْنِ وَالدُّنْيَا وَالْآخِرَةِ . دَافِعَةٌ عَنْ كُلِّ شَرٍ. جَالِبَةٌ لِكُلِّ خَيْرٍ لَنَا وَ لِوَالِدِينَا . وَلِاَوْلَادِنَا وَذُرِّيَّتِنَا. وَتَلَامِيذِنَا وَجُلَسَائِنَا . مَعَ اللَّطْفِ وَالْعَافِيَةِ . وَعَلَى  ِنيَّةٍ أَنَّ اللهَ يُنوِّرُ قُلُوبَنَا وَقَوَالِيْنَا مَعَ الْهُدَى وَالتَّقى . وَالْعَفَافِ وَالْغِنَى وَالْوَتِ عَلَى دِيْنِ الْإِسْلَام   بِلا مِحْنَةٍ وَلَا امْتِحَانٍ ، بِجَاهِ سَيِّدِ وَلَدِ عَدْنَانِ جَامِعَةً لِكُلِّ نِيَّةٍ صَالِحَةً . وَزِيَادَةٌ ومَحَبَّةً فٍيْ شَرَفِ حَبِيبِنَا سَيّدِنَا مُحَمَّدٍ صلى الله  عليه وسلم. الفاتحة',NULL,NULL,0,'2025-01-08 05:07:11','2025-01-08 05:07:11',NULL),(133,6,NULL,'11','اِسْتَغْفِرُوْا رَبَّكُمْ اِنَّهُ كَانَ غَفَّارًا\n\n                ° اَسْتَغْفِرُ اللهَ الْعَظِيْمِ\n                         اِنَّهُ هُوَ الْغَفُوْرُ الرَّحِيم\n\n                ° لا حَوْلَ وَلا قُوَّةَ إِلَّا بِاللهِ الْعَليّ الْعَظِيم\n\n                ° حَسْبُنَا اللهُ وَنِعْمَ الْوَكِيْلُ\n                         نِعْمَ المَوْلى وَنِعْمَ النَّصِيرُ .\n\n                ° اللَّهُمَّ صَل عَلَى سَيّدِنَا مُحَمَّدٍ وَعَلى اَلِ سَيّدِنَا مُحَمَّدْ\n                         ° صلى الله على مُحَمَّدٍ\n\n                الفَاتِحَة',NULL,NULL,1,'2025-01-08 05:07:11','2025-01-08 05:07:11',NULL),(134,6,NULL,'12','اللّهُمَّ اِنَّا نَوَيْنَا بِالصَّلاَةِ وَالسَّلَامٍ عَلى نَبِيِّكَ مُحَمَّدٍ صَلى الله عَلَيْهِ وَسَلَّمَ. اِمْتِتَالاً لِأمْرِكَ. وَتَصْدِيقًا لِنَبِيِّكَ سَيَّدٍنَا مُحَمَّدٍ صَلَّى اللهُ عَلَيْهِ وَسَلَّمَ ومَحَبَّةٌ فِيْه وَشَوْقًا إِلَيْهِ وَتَعْظِيمًا لِقُدْرَتِهِ وَلِكَوْنِهِ أهلاً لِذلِكَ . فَتَقَبَّلْهَا مِنْ فَضْلِكَ وَجُوْدِكَ وَكَرَامِكَ وَإحْسَانِكَ. وَاَزِلْ حِجَابَ الغَفْلَةِ عَنْ قُلُوْبِنَا. نَسْأَلُكَ اللّهُمَّ التَّوْفِيْقَ، وَفِعْلَ الْخَيْرَاتِ، وَالْقَبُوْلَ. وَاجْعَلْنَا وَأَهْلَنَا . وَأَوْلَا دَنَا وَذُرِّيَّاتِنَا . وَتَلَامِيْذَنَا وَجُلَسَائنَا مِنْ عِبَادِكَ الصَّالِحِينَ',NULL,NULL,0,'2025-01-08 05:07:11','2025-01-08 05:07:11',NULL),(135,6,NULL,'13','إِنَّ اللهَ وَمَلَائِكَتَهُ يُصَلُّونَ عَلى النَّبِيِّ. يَا أَيُّهَا الَّذِينَ آمَنُوا صَلُّوْا عَلَيْهِ وَسَلِّمُوا تَسْلِيمًا',NULL,NULL,0,'2025-01-08 05:07:11','2025-01-08 05:07:11',NULL),(136,6,NULL,'14','اللَّهُمَّ صَلِّ عَلى سَيّدِنَا مُحَمَّدٍ وَعَلَى آلِ سَيّدِنَا مُحَمَّدٍ. كَمَا صَلَّيْتَ عَلَى سَيّدِنَا إِبْرَاهِيمَ. وَعَلى اَلِ سَيِّدِنَا إِبْرَاهِيمَ. وَبَارِكْ عَلى سَيّدِنَا مُحَمَّدٍ. وَعَلَى آلِ سَيِّدِنَا مُحَمَّدٍ ، كَمَا بَارَكْتَ عَلَى سَيّدِنَا إِبْرَاهِيمَ وَعَلَى الِ سَيِّدَنَا إِبْرَاهِيمَ. فِي الْعَالَمِينَ ، إِنَّكَ حَمِيدٌ مَجِيدٌ',NULL,NULL,0,'2025-01-08 05:07:11','2025-01-08 05:07:11',NULL),(137,6,NULL,'15','السَّلاَمُ عَلَيْكَ أَيُّهَا النَّبِيُّ وَرَحْمَةُ اللهِ وَبَرَكَاتُهُ . × ٣',NULL,NULL,0,'2025-01-08 05:07:11','2025-01-08 05:07:11',NULL),(138,6,NULL,'16','( الصَّلَاةُ النَّارِيَّةُ  )\n<br>\n                اللَّهُمَّ صَلَّ صَلَاةً كَامِلَةً ، وَسَلَّمْ سَلَامًا تَامَّا عَلَى سَيِّدِنَا مُحَمَّدٍ الَّذِي تَنْحَلُّ بِهِ الْعُقَدُ وَتَنْفَرِجُ بِهِ الْكُرَبُ ،وَتُقْضَى بِهِ الْحَوَائِجُ،  وَتُنَالُ بِهِ الرَّغَائِبُ ، وَحُسْنُ الْخَوَاتِمِ، وَيُسْتَسْقَى الْغَمَامُ بِوَجْهِهِ الْكَرِيمِ ،وَعَلَى الِهِ وِصَحْبِهِ فِي كُلِ لَمْحَةٍ وَ نَفَسٍ بِعَدَدِ كُلِّ مَعْلُومٍ لَكَ . × ٤٤٤٤ ',NULL,NULL,0,'2025-01-08 05:07:11','2025-01-08 05:07:11',NULL),(139,6,NULL,'17','اللَّهُمَّ صَلِّ عَلى سَيّدِنَا مُحَمَّدٍ وَعَلَى آلِ سَيّدِنَا مُحَمَّدٍ. كَمَا صَلَّيْتَ عَلَى سَيّدِنَا إِبْرَاهِيمَ. وَعَلى اَلِ سَيِّدِنَا إِبْرَاهِيمَ. وَبَارِكْ عَلى سَيّدِنَا مُحَمَّدٍ. وَعَلَى آلِ سَيِّدِنَا مُحَمَّدٍ ، كَمَا بَارَكْتَ عَلَى سَيّدِنَا إِبْرَاهِيمَ وَعَلَى آلِ سَيِّدَنَا إِبْرَاهِيمَ. فِي الْعَالَمِينَ ، إِنَّكَ حَمِيدٌ مَجِيدٌ ',NULL,NULL,0,'2025-01-08 05:07:11','2025-01-08 05:07:11',NULL),(140,6,NULL,'18','السَّلاَمُ عَلَيْكَ أَيُّهَا النَّبِيُّ وَرَحْمَةُ اللهِ وَبَرَكَاتُهُ . × ٣',NULL,NULL,0,'2025-01-08 05:07:11','2025-01-08 05:07:11',NULL),(141,6,NULL,'19','الدعاء\n<br>\n                باسم الله الرحمن الرحيم\n      ° اللهُمَّ يَا عَظِيمَ السُلْطَانِ . يَا قَدِيْمَ الْإِحْسَانِ . يَادَائِمَ    النَّعَمِ. يَا كَثِيرَ الْخَيْرَاتِ  يَا وَاسِعَ الْعَطَا  يَابَاسِطَ الرِّزْقِ.\n       يَاخَفِيَّ اللُّطْفِ . يَا جَمِيْلَ الصُّنْعِ . يَا حَلِيْمًا لا يَعْجَلُْ ،    يَا كَرِيمًا  لَا يَبْخَلُ . صَلِّ - يَا رَبّ- عَلَى سَيِّدِنَا مُحَمَّدٍ     وَآلِهِ وَسَلَّمْ . وَارْضَ اللهُمَّ عَنِ الصَّحَابَةِ اَجْمَعِيْنَ .\n\n      ° اَللَّهُمَّ لَكَ الْحَمْدُ شُكْرًا. وَلَكَ الْمَنُ فَضْلاً. وَانْتَ رَبَّنا         حَقًّا.وَنَحْنُ عَبَيْدُكَ رِفًا. وَأَنْتَ لَمْ تَزَلْ لِذلِكَ اَهْلاً .\n          اللّهُمَّ يَا مُيَسَرَ كُلِّ عَسِير . وَيَا جَابِرَ كُلِّ كَسِيْر ،\n          وَيَا صَاحِبَ كُلِّ فَرِيْدٍ . وَيَا مُقَوِّى كُلٍّ ضَعِيفٌ.\n          وَيَا مُغْنِى كُلّ فَقِيْرٍ ، وَيَا مَأْ مَنَ كُلِّ خَائِفٍ، يَسِّرْ             عَلَيْنَا كُلَّ عَسِـيْرٍ ، فَتَيْسِيرُ الْعَسِيرُ عَلَيْكَ يَسِيرٌ .\n\n      ° اللّهُمَّ يَا مَنْ لاَ يَحْتَاجُ إلى الْبَيَانِ وَالتَّفْسِيرُ .\n         حَاجَتُنَا إِلَيْكَ كَثِيْرٌ   وَأَنْتَ عَالِمٌ بِهَا وَبَصِيرٌ .\n\n      ° اَللَّهُمَّ لَكَ الْحَمْدُ  وَمِنْكَ الْفَرَجُ  وَاِلَيْكَ الْمُسْتَكَى،\n\n       وَاَنْتَ الْمُسْتَعَانُ ، وَلاَ حَوْلَ وَلا قُوَّةَ إِلَّا بِاللهِ الْعَلِيِّ الْعَظِيم.\n      وَنَسْتَعِيْنُكَ عَلَى فَسَادٍ فِيْنَا ،وَنَسْأَلُكَ صَلَاحَ اَمْرِنَا كُلِّهِ .\n\n      ° اللّهُمَّ صَلِّ عَلى سَيّدِنَا مُحَمَّدٍ وَعَلَى آلِهِ ، بِعَدَدِ أنْوَاعِ الرِّزْقِ وَالْفُتُوحَاتِ ، يَابَاسِطُ  الَّذِي يَبْسُطُ الرِّزْقَ لِمَنْ يَشَاءُ بِغَيْرِ حِسَابٍ.  أُبْسُطُ عَلَيْنَا رِزْقًا حَلاَلاً طَيّبًا،وَاسِعًا مُبَارَكًا ، مِنْ كُلِّ\n      جِهَةٍ مِنْ خَزَائِنِ غَيْبِكَ ، بِغَيْرِ مِنَّةِ مَخْلُوقَاتٍ بِمَحْضِ فَضْلِكَ وَجُوْدِكَ وَكَرَمِكَ وَبِغَيْرِ حِسَابٍ. اَن تُقَدِرَ لَنَا حَاجَاتِنَا ......\n\n      اللّهُمَّ اٍنّا نَسْأَلُكَ   وَنَتَوَّجًّهُ اِلَيْكَ  وَنَتَوَسَّلُ بِنَبِيٍّكِ وَحَبِيْبِكَ سَيّدِنَا مُحَمَّدٍ صلَّى اللهُ عَلَيهِ وَسَلَّمَ ،\n      يَا سَيِّدَنَا    يَاحَبِيْبَنَا    يَارَسُوْلَ اللهِ\n      نَتَوَسَّلُ بِكَ اِلَى رَبِّكَ ،  فِى قَضَاءِ حَجَاتِنَا هَذِهِ ......\n\n      اللّهُمَّ فَشَفِّـعْهُ فِيْنَا  ×  ٣ بِجَاهِهِ  عِنْدَكَ .\n\n      شَفَاعَةً تُنْجِيْنَا بِهَا مِنْ جَمِيعِ الْأَهْوَالِ وَالْآفَاتِ. وَتَقْضِي لَنَا بِهَا جَمِيعَ الْحَاجَاتِ وَتُـطَهِّرّنَا بِهَا مِنْ جَمِيعِ\n\n      السِّيِّئَاتِ. وَتَرْفَعُنَا بِهَا عِنْدَكَ أغلى الدَّرَجَاتِ وَتبَلَّغْنَا بِهَا أََقْصَى الغَايَاتِ ، مِنْ جَمِيعِ الْخَيْرَاتِ فِي الحَيَاةِ وَبَعْدَ المَمَاتِ..\n\n      رَبَّنَا أَثْنَا فِي الدُّنْيَا حَسَنَةً وَفِي الآخِرَةِ حَسَنَةً وَقِنَا عَذَابَ النَّارِ.\n          وصلى الله على سَيّدِنَا مُحَمَّدٍ وَعَلَى اله وصَحْبِهِ وَسَلّمْ\n                   والحمد لله رب العالمين .\n\n                                 الفاتحة\n      ',NULL,NULL,0,'2025-01-08 05:07:11','2025-01-08 05:07:11',NULL),(142,7,'1',NULL,'','Doa Birril walidain','',0,'2025-01-08 05:07:11','2025-01-08 05:07:11',NULL),(143,7,'1','0','بِسْمِ اللهِ الرَّحْمنِ الرَّحِيْمِ ','','',0,'2025-01-08 05:07:11','2025-01-08 05:07:11',NULL),(144,7,'1','1','اَلْحَمْدُ ِللهِ الَّذِي اَمَرَنَا بِشُكْرِ الْوَالِدَيْنِ وَاْلإِحْسَانِ إِلَيْهِمَا ، وَحَثَّنَا عَلَى اغْتِنَامِ بِرِّهِمَا وَاصْتِنَاعِ الْمَعْرُوْفِ لَدَيْهِمَا ، وَنَدَبَنَا إِلَى خَفْضِ الْجَنَاحِ مِنَ الرَّحْمَةِ لَهُمَا إِعْظَامًا وَإِكْبَارًا ، وَأَوْصَانَا بِالتَّرَحُّمِ عَلَيْهِمَا كَمَا رَبَّيَانِي صَغِيْرًا.    (اَللَّهُمَّ فَارْحَمْ وَالِدِيْنَا  ×  ٣) وَاغْفِرْ لَهُمْ  وَارْحَمْهُمْ ، وَارْضَ عَنْهُمْ  رِضًا تُحِلُّ بِهِ عَلَيْهِمْ جَوَامِعَ رِضْوَانِكَ, وَمَوَاطِنَ عَفْوِكَ وَغُفْرَانِكَ ، وَتُحِلُّهُمْ بِهِ  دَارَ  كَرَمَاتِكَ وَأَمَانِكَ , وَاَدِرَّ  بِهِ عَلَيْهِمْ لَطَائِفَ بِرِّكَ  وَإِحْسَانِكَ . اَللَّهُمَّ اغْفِرْ لَهُمْ  مَغْفِرَةً  جَامِعَةً ، تَمْحُو بِهَا سَالِفَ أَوْزَارِهِمْ  وَسَيِّئَ إِصْرَارِهِمْ ، وَارْحَمْهُمْ رَحْمَةً تُنِيْرُ لَهُمْ بِهَا الْمَضْجَعَ فِيْ قُبُوْرِهِمْ ، وَتُؤَمِّنُهُمْ بِهَا يَوْمَ الْفَزَعِ عِنْدَ نُشُوْرِهِمْ. اَللَّهُمَّ تَحَنَّنْ عَلَى ضَعْفِهِمْ كَمَا كَانُوْا عَلَى ضَعْفِنَا مَتَحَنِّنِيْنَ، وَارْحَمِْ انْقِطَاعَهُمْ إِلَيْكَ كَمَا كَانُوْا فِيْ حَالِ انْقِطَاعِنَا إِلَيْهِمْ رَاحِمِيْنَ. وَتَعَطَّفْ عَلَيْهِمْ كَمَا كَانُوْا عَلَيْنَا فِيْ حَالِ صِغَرِنَا مُتَعَطِّفِيْنَ','','',0,'2025-01-08 05:07:11','2025-01-08 05:07:11',NULL),(145,7,'1','2','اَللَّهُمَّ احْفَظْ لَهُمْ ذَلِكَ الْوُدَّ الَّذِي أَشْرَبْتَهُ قُلُوْبَهُمْ ، وَالْحَنَانَةَ الَّتِي مَلأْتَ بِهَا صُدُوْرَهُمْ ، وَاللُّطْفَ الَّذِي شَغَلْتَ بِهِ جَوَارِحَهُمْ ، وَاشْكُرْ لَهُمْ ذلِكَ الْجِهَادَ الَّذِي كَانُوْا فِيْنَا مُجَاهَدِيْنَ ، وَلاَ تَضَيِّعْ لَهُمْ ذَلِكَ اْلإِجْتِهَادَ الَّذِي كَانُوْا فِيْنَا مُجْتَهِدِيْنَ،وَجَازِهِمْ عَلَى ذَلِكَ السَّعْيِ الَّذِي كَانُوْا فِيْنَا سَاعِيْنَ،وَالرَّعْيِ الَّذِي كَانُوْا فِيْنَا رَاعِيْنَ، أَفْضَلَ مَا جَازَيْتَ بِهِ  السُّـعَاةَ الْمُصْلِحِيْنَ وَالرُّعَاةَ النَّاصِحِيْنَ','','',0,'2025-01-08 05:07:11','2025-01-08 05:07:11',NULL),(146,7,'1','3','اَللَّهُمَّ بِرَّهُمْ أَضْعَافَ مَاكَانُوْا يَبِرُّوْنَنَا ، وَانْظُرْ إِلَيْهِمْ بِعَيْنِ الرَّحْمَةِ كَمَا كَانُوْا يَنْظُرُوْنَنَا. اَللَّهُمَّ هَبْ لَهُمْ مَا\n                ضَيَّعُوْا مِنْ حَقِّ رَبُوْبِيَّتِكَ ، بِمَا اشْتَغَلُوْا بِهِ فِيْ حَقِّ تَرْبِيَتِنَا ، وَتَجَاوَزْ عَنْهُمْ مَا قَصَّرُوْا فِيْهِ مِنْ حَقِّ خِدْمَتِكَ بِمَا آثَرُوْنَا بِهِ فِيْ حَقِّ خِدْمَتِنَا ،وَاعْفُ عَنْهُمْ مَا ارْتَكَبُوا مِنَ الشُّبُهَاتِ مِنْ أَجْلِ مَا اكْتَسَبُوا مِنْ اَجْلِنَا ، وَلاَ تُؤَاخِذْهُمْ بِمَا دَعَتْهُمْ إِلَيْهِ الْحَمِيَّةُ مِنَ الْهَوَى   لِمَا غَلَبَ عَلَى قُلُوْبِهِمْ مِنْ مَحَبَّتِنَا، وَتَحَمَّلْ عَنْهُمُ الظُّلُمَاتِ الَّتِي ارْتَكَبُوْهَا  فِيْمَا اجْتَرَحُوْا لَنَا وَسَعَوْا عَلَيْنَا ،وَالْطُفْ بِهِمْ فِيْ مَضَاجِعِ الْبِلَى لُطْفًا يَزِيْدُ عَلَى لُطْفِهِمْ فِيْ أَيَّامِ حَيَاتِهِمْ بِنَا. اَللَّهُمَّ وَمَا هَدَيْتَنَا لَهُ مِنَ الطَّاعَاتِ ، وَيَسَّرْتَهُ لَنَا مِنَ الْحَسَنَاتِ، وَوَفَّقْتَنَا لَهُ مِنَ الْقُرُبَاتِ ،فَنَسْأَلُكَ اَللَّهُمَّ أَنْ تَجْعَلَ لَهُمْ مِنْهَا حَظًّا وَنَصِيْبًا. وَمَا اقْتَرَفْنَاهُ مِنَ السَّيِّئَاتِ،وَاكْتَسَبْنَاهُ مِنَ الْخَطِيْئَاتِ وَتَحَمَّلْنَاهُ مِنَ التَّبِعَاتِ، فَلاَ تُلْحِقْهُمْ مِنَّا بِذَلِكَ حُوْبًا، وَلاَ تَحْمِلْ عَلَيْهِمْ مِنْ ذُنُوْبِنَا ذُنُوْبًا. اَللَّهُمَّ وَكَمَا سَرَّرْتَهُمْ بِنَا فِي الْحَيَاةِ ، فَسُرَّهُمْ بِنَا بَعْدَ الْوَفَاةِ.    ×٣','','',0,'2025-01-08 05:07:11','2025-01-08 05:07:11',NULL),(147,7,'1','4','اَللَّهُمَّ وَلاَ تُبَلِّهُمْ مِنْ أَخْبَارِنَا مَا يَسُوْءُهُمْ ، وَلاَ تُحَمِّلْهُمْ مِنْ أَوْزَارِنَا مَايَنُوْءُهُمْ ، وَلاَ تُخْزِهِمْ بِنَا فِيْ عَسْكَرِ  اْلأَمْوَاتِ  بِمَا نُحْدِثُ مِنَ الْمُخْزِيَاتِ وَنَأْتِيْ مِنَ الْمُنْكَرَاتِ. وَسُرَّ أَرْوَاحَهُمْ بِأَعْمَالِنَا فِي الْمُلْتَقَى اْلأَرْوَاحِ  إِذَا سُرَّ أَهْلُ الصَّلاَحِ بِأَبْنَاءِ الصَّلاَحِ ، وَلاَ تَقِفْهُمْ مِنَّا عَلَى مَوْقِفِ افْتِضَاحِ  بِمَا نَجْتَرْحُ مِنْ سُوْءِ اْلإِجْتِرَاحِ. اَللَّهُمَّ وَمَا تَلَوْنَا مِنْ تِلاَوَةٍ فَزَكَّيْتَهَا ، وَمَا صَلَّيْنَا مِنْ صَلاَةٍ فَتَقَبَّلْتَهَا، وَعَمِلْنَا مِنْ أَعْمَالٍ صَـالِحَةٍ فَرَضِيْتَهَا، وَتَصَدَّقْنَا مِنْ صَدَقَةٍ فَنَمَّيْتَهَا فَنَسْأَلُكَ اَللَّهُمَّ   اَنْ تَجْعَلَ حَظَّهُمْ مِنْهَا أَكْبَرَ مِنْ حُظُوْظِنَا، وَقَسْمَهُمْ مِنْهَا أَجْزَلَ مِنْ أَقْسَامِنَا ، وَسَهْمَهُمْ مِنْ ثَوَابِهَا  اَوْفَرَ مِنْ سِهَامِنَا ، فَإِنَّكَ أَوْصَيْتَنَا بِبِرِّهِمْ  وَنَدَبْتَنَا إِلَى شُكْرِهِمْ، فَأَنْتَ أَوْلَى بِاْلبِرِّ مِنَ الْبَآرِّيْنَ ،وَأَحَقُّ بِاْلوَصْلِ مِنَ الْمَأْمُوْرِيْنَ. اَللَّهُمَّ اجْعَلْنَا لَهُمْ قُرَّةَ أَعْيُنٍ  يَوْمَ يَقُوْمُ اْلأَشْهَادُ ، وَأَسْمِعْهُمْ مِنَّا أَطْيَبَ النِّدَاءِ يَوْمَ التَّنَادِ ، وَاجْعَلْهُمْ بِنَا مِنْ أَغْبَطِ اْلآبَاءِ بِاْلأَوْلاَدِ حَتَّى تَجْمَعَنَا وَإِيَّاهُمْ وَالْمُسْلِمِيْنَ  جَمِيْعًا فِيْ دَارِ كَرَامَتِكَ وَمُسْتَقَرِّ رَحْمَتِكَ  وَمَحَلِّ أَوْلِيَائِكَ .مَعَ الَّذِيْنَ أَنْعَمْتَ عَلَيْهِمْ مِنَ النَّبِيِّيْنَ وَالصِّدِّيْقِيْنَ وَالشُّهَدَآءِ وَالصَّالِحِيْنَ وَحَسُنَ اُولئِكَ رَفِيْقًا.  (ذَلِكَ الْفَضْلُ مِنَ اللهِ وَكفَى بِاللهِ عَلِيْمًا) وَصَلَّى اللهُ عَلَى سَيِّدِنَا مُحَمَّدٍ وَآلِهِ وَصَحْبِهِ وَسَلَّمَ. سُبْحَانَ رَبِّكَ رَبِّ الْعِزَّةِ عَمَّا يَصِفُوْنَ  وَسَلاَمٌ عَلَى الْمُرْسَلِيْنَ  .  وَالْحَمْدُ ِللهِ رَبِّ الْعَالَمِيْنَ   آمِيْنَ','','',0,'2025-01-08 05:07:11','2025-01-08 05:07:11',NULL),(148,7,'2',NULL,'','Qosidah Romadhon','',0,'2025-01-08 05:07:11','2025-01-08 05:07:11',NULL),(149,7,'2','1','بِسْمِ اللهِ الرَّحْمَنِ الرَّحِيْمِ\n<br>\n                اِنَّا اَنْزَلْنَهُ فِي لَيْلَةِ الْقَدْرِ * وَمَا أَدْرِيكَ مَا لَيْلَةُ الْقَدْرِ *\n                لَيْلَةُ الْقَدْرِ خَيْرٌ مِنْ أَلْفِ شَهْرٍ * تَنَزَّلُ الْمَلَبِكَةُ وَالرُّوْحُ\n                فِيهَا بِإِذْنِ رَبِّهِمْ مِنْ  كُلِّ أَمْرٍ سَلَمُ  ، هِيَ حَتَّى مَطْلَعِ  الْفَجْرِ\n                ','','',1,'2025-01-08 05:07:11','2025-01-08 05:07:11',NULL),(150,7,'2','2','لِلنَّبِيّ  -\n                مُحَمَّدِ الْهَادِى وَالْآلِ وَالصَّحْبِ     ٢\n        <br>-------------------------\n        <br>   •   يَارَبَّنَا اقْبَلْنَا فِي شَهْرِنا رَمْضَانْ     ٢\n        <br>\n           •   يَارَبَّنَا احْفَظْنَافِي شَهْرِنَا رَمْضَانْ  ٢\n           <br>\n           •  يَارَبِّ سَامِحْنَا فِي شَهْرِنَا رَمْضَانْ   ٢\n           <br>\n           •  يَارَبِّ اغْفِرْ لَنَا فِي شَهْرِنَا رَمْضَانْ   ٢\n           <br>\n           •   يَارَبَّنَا ارْحَمْنَا فِي شَهْرِنَا رَمْضَانْ   ٢\n           <br>\n           •  يَارَبِّ عَامِلْنَا بِاللُّطْفِ وَالْاِحْسَانْ     ٢\n           <br>\n           •  يَارَبَّنَا ادْخِلْنَا فِي جَنَّةِ  الرِّضْوَانْ    ٢\n           <br>\n           •  يَارَبِّ سَلِّمْنَا  مِنْ لَهْبَةِ  النِّيْرَانْ        ٢\n           <br>\n           •  يَارَبَّنَا   انْفَعْنَا    بِبَرْكَةِ    الْقُرْآنْ       ٢\n           <br>\n           •   يَا سَلَامْ  سَلِّمْنَا  مِنْ عَوَائِقْ   عَاقَتْنَا       ٢\n           <br>\n           •   يَاسَلَامْ اُكْتُبْ سَلًامْ   بَيْنَ زَمْزَمْ وَالْمًقَامْ   ٢\n           ','','',1,'2025-01-08 05:07:11','2025-01-08 05:07:11',NULL),(151,7,'2','3','بِسْمِ اللهِ الرَّحْمَنِ الرَّحِيْمِ .\n          <br>\n                إِنَّا أَعْطَيْنَكَ الْكَوْثَرَ * فَصَلِّ لِرَبِّكَ وَانْحَرْ *\n                إِنَّ شَانِئَكَ هُوَ الْاَبْتَر\n                ','','',1,'2025-01-08 05:07:11','2025-01-08 05:07:11',NULL),(152,7,'2','4','يَااللّٰهْ بِنَا نَلْتَقِي عِندَ الْحَبِيبِ النَّبِي .. ٢\n                <br>*  نَرِدْ لِحَوْضِ النَّبِي يَااللّٰهْ مَعَ الْوَارِدِينْ ..٢\n                <br>*  مَعْ اَنْبِيَائِكْ اَجْمَعِيْنْ عِبَادِكَ الصَّالِحِينْ ..٢\n                <br>*  فِي زَمْرَةْ اَحْمَدْ مُحَمَّدْ  سَيِّدِ الْمُرْسَلِينْ .. ٢\n                <br>*  يَارَبَّنَا ارْحَمْنَا      وَلَا تُعَذِّبْنَا .. ٢\n                <br>*  يَارَبَّنَا ارْحَمْنَا   وَلَا لَنَا غَيْرُكْ ..٢\n                <br>*  وَمِنْكَ قَرِّبْنَا       وَلاَ تُبُاعِدْنَا .. ٢\n                <br>*  اِنَّا تَوَسَّلْنَا         بِجَاهِ سَيِّدْنَا\n                 مُحَمَّدٍ الْهَادِي   عَلَيْهِ صَلَّيْنَا .. ٢\n                ','','',1,'2025-01-08 05:07:11','2025-01-08 05:07:11',NULL);
/*!40000 ALTER TABLE `bacaan_details` ENABLE KEYS */;
UNLOCK TABLES;

--
-- Table structure for table `bacaans`
--

DROP TABLE IF EXISTS `bacaans`;
/*!40101 SET @saved_cs_client     = @@character_set_client */;
/*!50503 SET character_set_client = utf8mb4 */;
CREATE TABLE `bacaans` (
  `id_bacaan` bigint unsigned NOT NULL AUTO_INCREMENT,
  `judul_arb` varchar(255) COLLATE utf8mb4_unicode_ci DEFAULT NULL,
  `judul_latin` varchar(255) COLLATE utf8mb4_unicode_ci DEFAULT NULL,
  `judul_ina` varchar(255) COLLATE utf8mb4_unicode_ci DEFAULT NULL,
  `slug` varchar(255) COLLATE utf8mb4_unicode_ci DEFAULT NULL,
  `gambar` varchar(255) COLLATE utf8mb4_unicode_ci DEFAULT NULL,
  `keterangan` text COLLATE utf8mb4_unicode_ci,
  `created_at` timestamp NULL DEFAULT NULL,
  `updated_at` timestamp NULL DEFAULT NULL,
  `deleted_at` timestamp NULL DEFAULT NULL,
  PRIMARY KEY (`id_bacaan`)
) ENGINE=InnoDB AUTO_INCREMENT=8 DEFAULT CHARSET=utf8mb4 COLLATE=utf8mb4_unicode_ci;
/*!40101 SET character_set_client = @saved_cs_client */;

--
-- Dumping data for table `bacaans`
--

LOCK TABLES `bacaans` WRITE;
/*!40000 ALTER TABLE `bacaans` DISABLE KEYS */;
INSERT INTO `bacaans` VALUES (1,'','Wasilah Fatihah','','wasilah-fatihah','wasilah_fatihah.png','','2025-01-08 05:07:10','2025-01-08 05:07:10',NULL),(2,'','Tahlil Qubro','','tahlil-qubro','tahlil_kubro.png','','2025-01-08 05:07:10','2025-01-08 05:07:10',NULL),(3,'','Manaqib','','manaqib','manaqib.png','Manaqib syaih Abdul Qodir al jiilany','2025-01-08 05:07:10','2025-01-08 05:07:10',NULL),(4,'','Asmaul Husna','','asmaul-husna','asmaul_husna.png','','2025-01-08 05:07:10','2025-01-08 05:07:10',NULL),(5,'','Rotibul Haddad','','rotibul-haddad','rotibul_haddad.png','','2025-01-08 05:07:10','2025-01-08 05:07:10',NULL),(6,'','Sholawat Nariyah','','sholawat-nariyah','sholawat_nariyah.png','','2025-01-08 05:07:10','2025-01-08 05:07:10',NULL),(7,'','Doa Birrulwalidain, Qosidah Romadhon','','doa-birrulwalidain-qosidah-romadhon','doa_birrulwaalidain_qosidah_romadhon.png','','2025-01-08 05:07:10','2025-01-08 05:07:10',NULL);
/*!40000 ALTER TABLE `bacaans` ENABLE KEYS */;
UNLOCK TABLES;

--
-- Table structure for table `failed_jobs`
--

DROP TABLE IF EXISTS `failed_jobs`;
/*!40101 SET @saved_cs_client     = @@character_set_client */;
/*!50503 SET character_set_client = utf8mb4 */;
CREATE TABLE `failed_jobs` (
  `id` bigint unsigned NOT NULL AUTO_INCREMENT,
  `uuid` varchar(255) COLLATE utf8mb4_unicode_ci NOT NULL,
  `connection` text COLLATE utf8mb4_unicode_ci NOT NULL,
  `queue` text COLLATE utf8mb4_unicode_ci NOT NULL,
  `payload` longtext COLLATE utf8mb4_unicode_ci NOT NULL,
  `exception` longtext COLLATE utf8mb4_unicode_ci NOT NULL,
  `failed_at` timestamp NOT NULL DEFAULT CURRENT_TIMESTAMP,
  PRIMARY KEY (`id`),
  UNIQUE KEY `failed_jobs_uuid_unique` (`uuid`)
) ENGINE=InnoDB DEFAULT CHARSET=utf8mb4 COLLATE=utf8mb4_unicode_ci;
/*!40101 SET character_set_client = @saved_cs_client */;

--
-- Dumping data for table `failed_jobs`
--

LOCK TABLES `failed_jobs` WRITE;
/*!40000 ALTER TABLE `failed_jobs` DISABLE KEYS */;
/*!40000 ALTER TABLE `failed_jobs` ENABLE KEYS */;
UNLOCK TABLES;

--
-- Table structure for table `favorit_users`
--

DROP TABLE IF EXISTS `favorit_users`;
/*!40101 SET @saved_cs_client     = @@character_set_client */;
/*!50503 SET character_set_client = utf8mb4 */;
CREATE TABLE `favorit_users` (
  `id_favorit_user` bigint unsigned NOT NULL AUTO_INCREMENT,
  `user_id` int DEFAULT NULL,
  `bacaan_id` int DEFAULT NULL,
  `created_at` timestamp NULL DEFAULT NULL,
  `updated_at` timestamp NULL DEFAULT NULL,
  `deleted_at` timestamp NULL DEFAULT NULL,
  PRIMARY KEY (`id_favorit_user`)
) ENGINE=InnoDB DEFAULT CHARSET=utf8mb4 COLLATE=utf8mb4_unicode_ci;
/*!40101 SET character_set_client = @saved_cs_client */;

--
-- Dumping data for table `favorit_users`
--

LOCK TABLES `favorit_users` WRITE;
/*!40000 ALTER TABLE `favorit_users` DISABLE KEYS */;
/*!40000 ALTER TABLE `favorit_users` ENABLE KEYS */;
UNLOCK TABLES;

--
-- Table structure for table `migrations`
--

DROP TABLE IF EXISTS `migrations`;
/*!40101 SET @saved_cs_client     = @@character_set_client */;
/*!50503 SET character_set_client = utf8mb4 */;
CREATE TABLE `migrations` (
  `id` int unsigned NOT NULL AUTO_INCREMENT,
  `migration` varchar(255) COLLATE utf8mb4_unicode_ci NOT NULL,
  `batch` int NOT NULL,
  PRIMARY KEY (`id`)
) ENGINE=InnoDB AUTO_INCREMENT=10 DEFAULT CHARSET=utf8mb4 COLLATE=utf8mb4_unicode_ci;
/*!40101 SET character_set_client = @saved_cs_client */;

--
-- Dumping data for table `migrations`
--

LOCK TABLES `migrations` WRITE;
/*!40000 ALTER TABLE `migrations` DISABLE KEYS */;
INSERT INTO `migrations` VALUES (1,'2014_10_12_000000_create_users_table',1),(2,'2014_10_12_100000_create_password_resets_table',1),(3,'2019_08_19_000000_create_failed_jobs_table',1),(4,'2023_11_23_153406_create_bacaans_table',1),(5,'2023_11_23_153455_create_bacaan_details_table',1),(6,'2023_11_23_153715_create_people_table',1),(7,'2023_11_23_154703_create_preferensis_table',1),(8,'2023_11_23_154844_create_preferensi_users_table',1),(9,'2023_11_23_155026_create_favorit_users_table',1);
/*!40000 ALTER TABLE `migrations` ENABLE KEYS */;
UNLOCK TABLES;

--
-- Table structure for table `password_resets`
--

DROP TABLE IF EXISTS `password_resets`;
/*!40101 SET @saved_cs_client     = @@character_set_client */;
/*!50503 SET character_set_client = utf8mb4 */;
CREATE TABLE `password_resets` (
  `email` varchar(255) COLLATE utf8mb4_unicode_ci NOT NULL,
  `token` varchar(255) COLLATE utf8mb4_unicode_ci NOT NULL,
  `created_at` timestamp NULL DEFAULT NULL,
  KEY `password_resets_email_index` (`email`)
) ENGINE=InnoDB DEFAULT CHARSET=utf8mb4 COLLATE=utf8mb4_unicode_ci;
/*!40101 SET character_set_client = @saved_cs_client */;

--
-- Dumping data for table `password_resets`
--

LOCK TABLES `password_resets` WRITE;
/*!40000 ALTER TABLE `password_resets` DISABLE KEYS */;
/*!40000 ALTER TABLE `password_resets` ENABLE KEYS */;
UNLOCK TABLES;

--
-- Table structure for table `people`
--

DROP TABLE IF EXISTS `people`;
/*!40101 SET @saved_cs_client     = @@character_set_client */;
/*!50503 SET character_set_client = utf8mb4 */;
CREATE TABLE `people` (
  `id_people` bigint unsigned NOT NULL AUTO_INCREMENT,
  `nama` varchar(255) COLLATE utf8mb4_unicode_ci DEFAULT NULL,
  `alamat` varchar(255) COLLATE utf8mb4_unicode_ci DEFAULT NULL,
  `telepon` varchar(255) COLLATE utf8mb4_unicode_ci DEFAULT NULL,
  `foto` varchar(255) COLLATE utf8mb4_unicode_ci DEFAULT NULL,
  `created_at` timestamp NULL DEFAULT NULL,
  `updated_at` timestamp NULL DEFAULT NULL,
  `deleted_at` timestamp NULL DEFAULT NULL,
  PRIMARY KEY (`id_people`)
) ENGINE=InnoDB DEFAULT CHARSET=utf8mb4 COLLATE=utf8mb4_unicode_ci;
/*!40101 SET character_set_client = @saved_cs_client */;

--
-- Dumping data for table `people`
--

LOCK TABLES `people` WRITE;
/*!40000 ALTER TABLE `people` DISABLE KEYS */;
/*!40000 ALTER TABLE `people` ENABLE KEYS */;
UNLOCK TABLES;

--
-- Table structure for table `preferensi_users`
--

DROP TABLE IF EXISTS `preferensi_users`;
/*!40101 SET @saved_cs_client     = @@character_set_client */;
/*!50503 SET character_set_client = utf8mb4 */;
CREATE TABLE `preferensi_users` (
  `id_preferensi_user` bigint unsigned NOT NULL AUTO_INCREMENT,
  `preferensi_id` int NOT NULL,
  `setting` varchar(255) COLLATE utf8mb4_unicode_ci DEFAULT NULL,
  `created_at` timestamp NULL DEFAULT NULL,
  `updated_at` timestamp NULL DEFAULT NULL,
  `deleted_at` timestamp NULL DEFAULT NULL,
  PRIMARY KEY (`id_preferensi_user`)
) ENGINE=InnoDB DEFAULT CHARSET=utf8mb4 COLLATE=utf8mb4_unicode_ci;
/*!40101 SET character_set_client = @saved_cs_client */;

--
-- Dumping data for table `preferensi_users`
--

LOCK TABLES `preferensi_users` WRITE;
/*!40000 ALTER TABLE `preferensi_users` DISABLE KEYS */;
/*!40000 ALTER TABLE `preferensi_users` ENABLE KEYS */;
UNLOCK TABLES;

--
-- Table structure for table `preferensis`
--

DROP TABLE IF EXISTS `preferensis`;
/*!40101 SET @saved_cs_client     = @@character_set_client */;
/*!50503 SET character_set_client = utf8mb4 */;
CREATE TABLE `preferensis` (
  `id_preferensi` bigint unsigned NOT NULL AUTO_INCREMENT,
  `preferensi` varchar(255) COLLATE utf8mb4_unicode_ci DEFAULT NULL,
  `keterangan` text COLLATE utf8mb4_unicode_ci,
  `created_at` timestamp NULL DEFAULT NULL,
  `updated_at` timestamp NULL DEFAULT NULL,
  `deleted_at` timestamp NULL DEFAULT NULL,
  PRIMARY KEY (`id_preferensi`)
) ENGINE=InnoDB DEFAULT CHARSET=utf8mb4 COLLATE=utf8mb4_unicode_ci;
/*!40101 SET character_set_client = @saved_cs_client */;

--
-- Dumping data for table `preferensis`
--

LOCK TABLES `preferensis` WRITE;
/*!40000 ALTER TABLE `preferensis` DISABLE KEYS */;
/*!40000 ALTER TABLE `preferensis` ENABLE KEYS */;
UNLOCK TABLES;

--
-- Table structure for table `users`
--

DROP TABLE IF EXISTS `users`;
/*!40101 SET @saved_cs_client     = @@character_set_client */;
/*!50503 SET character_set_client = utf8mb4 */;
CREATE TABLE `users` (
  `id` bigint unsigned NOT NULL AUTO_INCREMENT,
  `people_id` int DEFAULT NULL,
  `name` varchar(255) COLLATE utf8mb4_unicode_ci NOT NULL,
  `username` varchar(255) COLLATE utf8mb4_unicode_ci NOT NULL,
  `email` varchar(255) COLLATE utf8mb4_unicode_ci NOT NULL,
  `email_verified_at` timestamp NULL DEFAULT NULL,
  `password` varchar(255) COLLATE utf8mb4_unicode_ci NOT NULL,
  `remember_token` varchar(100) COLLATE utf8mb4_unicode_ci DEFAULT NULL,
  `created_at` timestamp NULL DEFAULT NULL,
  `updated_at` timestamp NULL DEFAULT NULL,
  PRIMARY KEY (`id`),
  UNIQUE KEY `users_username_unique` (`username`),
  UNIQUE KEY `users_email_unique` (`email`)
) ENGINE=InnoDB DEFAULT CHARSET=utf8mb4 COLLATE=utf8mb4_unicode_ci;
/*!40101 SET character_set_client = @saved_cs_client */;

--
-- Dumping data for table `users`
--

LOCK TABLES `users` WRITE;
/*!40000 ALTER TABLE `users` DISABLE KEYS */;
/*!40000 ALTER TABLE `users` ENABLE KEYS */;
UNLOCK TABLES;
/*!40103 SET TIME_ZONE=@OLD_TIME_ZONE */;

/*!40101 SET SQL_MODE=@OLD_SQL_MODE */;
/*!40014 SET FOREIGN_KEY_CHECKS=@OLD_FOREIGN_KEY_CHECKS */;
/*!40014 SET UNIQUE_CHECKS=@OLD_UNIQUE_CHECKS */;
/*!40101 SET CHARACTER_SET_CLIENT=@OLD_CHARACTER_SET_CLIENT */;
/*!40101 SET CHARACTER_SET_RESULTS=@OLD_CHARACTER_SET_RESULTS */;
/*!40101 SET COLLATION_CONNECTION=@OLD_COLLATION_CONNECTION */;
/*!40111 SET SQL_NOTES=@OLD_SQL_NOTES */;

-- Dump completed on 2025-12-14  0:53:41
